challenge_id,class
TRAIN047735,gradeable
TRAIN097620,gradeable
TRAIN096133,gradeable
TRAIN053072,gradeable
TRAIN052503,gradeable
TRAIN074952,gradeable
TRAIN088554,gradeable
TRAIN082806,gradeable
TRAIN055219,gradeable
TRAIN093853,gradeable
TRAIN035364,gradeable
TRAIN014830,gradeable
TRAIN068143,gradeable
TRAIN013159,gradeable
TRAIN089478,gradeable
TRAIN078549,gradeable
TRAIN021720,gradeable
TRAIN076297,gradeable
TRAIN079781,gradeable
TRAIN006745,gradeable
TRAIN009791,gradeable
TRAIN067948,gradeable
TRAIN043151,gradeable
TRAIN006967,gradeable
TRAIN082001,gradeable
TRAIN097829,gradeable
TRAIN089623,gradeable
TRAIN096266,gradeable
TRAIN020753,gradeable
TRAIN026540,gradeable
TRAIN011171,gradeable
TRAIN039683,gradeable
TRAIN045391,gradeable
TRAIN020659,gradeable
TRAIN020323,gradeable
TRAIN015460,gradeable
TRAIN074860,gradeable
TRAIN028681,gradeable
TRAIN086380,gradeable
TRAIN059911,gradeable
TRAIN058328,gradeable
TRAIN049672,gradeable
TRAIN010415,gradeable
TRAIN000493,gradeable
TRAIN027115,gradeable
TRAIN081085,gradeable
TRAIN013219,gradeable
TRAIN082716,gradeable
TRAIN095580,gradeable
TRAIN076423,gradeable
TRAIN081325,gradeable
TRAIN018050,gradeable
TRAIN075955,gradeable
TRAIN086599,gradeable
TRAIN034194,gradeable
TRAIN048367,gradeable
TRAIN055925,gradeable
TRAIN100969,gradeable
TRAIN070245,gradeable
TRAIN097844,gradeable
TRAIN050241,gradeable
TRAIN026563,gradeable
TRAIN015719,gradeable
TRAIN065202,gradeable
TRAIN012427,gradeable
TRAIN026821,gradeable
TRAIN001932,gradeable
TRAIN007849,gradeable
TRAIN038730,gradeable
TRAIN056231,gradeable
TRAIN096866,gradeable
TRAIN052534,gradeable
TRAIN085299,gradeable
TRAIN065997,gradeable
TRAIN051582,gradeable
TRAIN063761,gradeable
TRAIN098865,gradeable
TRAIN001449,gradeable
TRAIN076052,gradeable
TRAIN010994,gradeable
TRAIN013376,gradeable
TRAIN039034,gradeable
TRAIN002687,gradeable
TRAIN000243,gradeable
TRAIN035231,gradeable
TRAIN045057,gradeable
TRAIN018977,gradeable
TRAIN096503,gradeable
TRAIN009743,gradeable
TRAIN060030,gradeable
TRAIN022085,gradeable
TRAIN034819,gradeable
TRAIN079123,gradeable
TRAIN006775,gradeable
TRAIN001243,gradeable
TRAIN069323,gradeable
TRAIN045777,gradeable
TRAIN072445,gradeable
TRAIN021139,gradeable
TRAIN088195,gradeable
TRAIN063996,gradeable
TRAIN097724,gradeable
TRAIN076098,gradeable
TRAIN044376,gradeable
TRAIN018454,gradeable
TRAIN082718,gradeable
TRAIN056167,gradeable
TRAIN073565,gradeable
TRAIN082383,gradeable
TRAIN069740,gradeable
TRAIN021794,gradeable
TRAIN038655,gradeable
TRAIN030373,gradeable
TRAIN037921,gradeable
TRAIN069445,gradeable
TRAIN022755,gradeable
TRAIN063038,gradeable
TRAIN071850,gradeable
TRAIN017883,gradeable
TRAIN055178,gradeable
TRAIN008147,gradeable
TRAIN070762,gradeable
TRAIN094723,gradeable
TRAIN025437,gradeable
TRAIN082381,gradeable
TRAIN016030,gradeable
TRAIN027451,gradeable
TRAIN007555,gradeable
TRAIN093385,gradeable
TRAIN045715,gradeable
TRAIN043398,gradeable
TRAIN064713,gradeable
TRAIN048533,gradeable
TRAIN069275,gradeable
TRAIN094750,gradeable
TRAIN012396,gradeable
TRAIN057198,gradeable
TRAIN058775,gradeable
TRAIN034531,gradeable
TRAIN059326,gradeable
TRAIN018069,gradeable
TRAIN016897,gradeable
TRAIN090022,gradeable
TRAIN076339,gradeable
TRAIN001303,gradeable
TRAIN057812,gradeable
TRAIN080931,gradeable
TRAIN035867,gradeable
TRAIN079065,gradeable
TRAIN096036,gradeable
TRAIN076927,gradeable
TRAIN061729,gradeable
TRAIN069689,gradeable
TRAIN073291,gradeable
TRAIN098431,gradeable
TRAIN091021,gradeable
TRAIN089609,gradeable
TRAIN086565,gradeable
TRAIN091633,gradeable
TRAIN092044,gradeable
TRAIN077121,gradeable
TRAIN055019,gradeable
TRAIN014540,gradeable
TRAIN010463,gradeable
TRAIN018519,gradeable
TRAIN006665,gradeable
TRAIN091085,gradeable
TRAIN035828,gradeable
TRAIN081868,gradeable
TRAIN028240,gradeable
TRAIN008053,gradeable
TRAIN100069,gradeable
TRAIN080946,gradeable
TRAIN036173,gradeable
TRAIN016973,gradeable
TRAIN082772,gradeable
TRAIN022964,gradeable
TRAIN072255,gradeable
TRAIN097444,gradeable
TRAIN060818,gradeable
TRAIN089192,gradeable
TRAIN061553,gradeable
TRAIN061646,gradeable
TRAIN053437,gradeable
TRAIN093102,gradeable
TRAIN074060,gradeable
TRAIN019242,gradeable
TRAIN029622,gradeable
TRAIN019389,gradeable
TRAIN100088,gradeable
TRAIN038296,gradeable
TRAIN039394,gradeable
TRAIN017451,gradeable
TRAIN100697,gradeable
TRAIN003881,gradeable
TRAIN022900,gradeable
TRAIN003732,gradeable
TRAIN041756,gradeable
TRAIN057315,gradeable
TRAIN043688,gradeable
TRAIN036694,gradeable
TRAIN040954,gradeable
TRAIN020006,gradeable
TRAIN005427,gradeable
TRAIN043683,gradeable
TRAIN069488,gradeable
TRAIN017645,gradeable
TRAIN065196,gradeable
TRAIN034197,gradeable
TRAIN099125,gradeable
TRAIN051007,gradeable
TRAIN009913,gradeable
TRAIN096881,gradeable
TRAIN035868,gradeable
TRAIN055830,gradeable
TRAIN064701,gradeable
TRAIN027302,gradeable
TRAIN019088,gradeable
TRAIN006939,gradeable
TRAIN047646,gradeable
TRAIN016737,gradeable
TRAIN078217,gradeable
TRAIN089499,gradeable
TRAIN020103,gradeable
TRAIN099403,gradeable
TRAIN042515,gradeable
TRAIN040003,gradeable
TRAIN019648,gradeable
TRAIN042482,gradeable
TRAIN081829,gradeable
TRAIN003240,gradeable
TRAIN023641,gradeable
TRAIN027495,gradeable
TRAIN009047,gradeable
TRAIN085067,gradeable
TRAIN052742,gradeable
TRAIN055304,gradeable
TRAIN090731,gradeable
TRAIN003335,gradeable
TRAIN077807,gradeable
TRAIN067159,gradeable
TRAIN033659,gradeable
TRAIN034031,gradeable
TRAIN083802,gradeable
TRAIN099010,gradeable
TRAIN083491,gradeable
TRAIN007038,gradeable
TRAIN068298,gradeable
TRAIN006925,gradeable
TRAIN079374,gradeable
TRAIN093026,gradeable
TRAIN014354,gradeable
TRAIN050104,gradeable
TRAIN091955,gradeable
TRAIN075113,gradeable
TRAIN010201,gradeable
TRAIN061334,gradeable
TRAIN002702,gradeable
TRAIN044818,gradeable
TRAIN088875,gradeable
TRAIN056463,gradeable
TRAIN090787,gradeable
TRAIN021784,gradeable
TRAIN077929,gradeable
TRAIN006006,gradeable
TRAIN066609,gradeable
TRAIN071727,gradeable
TRAIN046190,gradeable
TRAIN022731,gradeable
TRAIN062795,gradeable
TRAIN049994,gradeable
TRAIN032412,gradeable
TRAIN033371,gradeable
TRAIN082358,gradeable
TRAIN081251,gradeable
TRAIN069871,gradeable
TRAIN037140,gradeable
TRAIN090853,gradeable
TRAIN012549,gradeable
TRAIN078803,gradeable
TRAIN005435,gradeable
TRAIN003415,gradeable
TRAIN073808,gradeable
TRAIN020291,gradeable
TRAIN022880,gradeable
TRAIN035278,gradeable
TRAIN069357,gradeable
TRAIN077346,gradeable
TRAIN007043,gradeable
TRAIN047935,gradeable
TRAIN046726,gradeable
TRAIN024455,gradeable
TRAIN032613,gradeable
TRAIN001324,gradeable
TRAIN081619,gradeable
TRAIN000481,gradeable
TRAIN060998,gradeable
TRAIN039577,gradeable
TRAIN052801,gradeable
TRAIN007112,gradeable
TRAIN093847,gradeable
TRAIN063760,gradeable
TRAIN087828,gradeable
TRAIN057816,gradeable
TRAIN063227,gradeable
TRAIN066676,gradeable
TRAIN056593,gradeable
TRAIN094888,gradeable
TRAIN051817,gradeable
TRAIN008410,gradeable
TRAIN090434,gradeable
TRAIN030300,gradeable
TRAIN010817,gradeable
TRAIN069418,gradeable
TRAIN032355,gradeable
TRAIN061613,gradeable
TRAIN100300,gradeable
TRAIN015508,gradeable
TRAIN087004,gradeable
TRAIN029085,gradeable
TRAIN035060,gradeable
TRAIN073139,gradeable
TRAIN071168,gradeable
TRAIN098512,gradeable
TRAIN045218,gradeable
TRAIN093290,gradeable
TRAIN035158,gradeable
TRAIN003824,gradeable
TRAIN024772,gradeable
TRAIN048803,gradeable
TRAIN018471,gradeable
TRAIN100295,gradeable
TRAIN013581,gradeable
TRAIN023118,gradeable
TRAIN054325,gradeable
TRAIN003841,gradeable
TRAIN100230,gradeable
TRAIN094175,gradeable
TRAIN094172,gradeable
TRAIN084464,gradeable
TRAIN092377,gradeable
TRAIN032602,gradeable
TRAIN049565,gradeable
TRAIN005662,gradeable
TRAIN060214,gradeable
TRAIN073230,gradeable
TRAIN085491,gradeable
TRAIN020257,gradeable
TRAIN081585,gradeable
TRAIN067123,gradeable
TRAIN093076,gradeable
TRAIN074673,gradeable
TRAIN092414,gradeable
TRAIN025783,gradeable
TRAIN097823,gradeable
TRAIN097251,gradeable
TRAIN010884,gradeable
TRAIN096969,gradeable
TRAIN038226,gradeable
TRAIN000935,gradeable
TRAIN045528,gradeable
TRAIN019262,gradeable
TRAIN049774,gradeable
TRAIN081152,gradeable
TRAIN092853,gradeable
TRAIN011094,gradeable
TRAIN099013,gradeable
TRAIN036114,gradeable
TRAIN038148,gradeable
TRAIN072103,gradeable
TRAIN031613,gradeable
TRAIN025193,gradeable
TRAIN009253,gradeable
TRAIN092739,gradeable
TRAIN075903,gradeable
TRAIN018225,gradeable
TRAIN036706,gradeable
TRAIN053391,gradeable
TRAIN006182,gradeable
TRAIN051495,gradeable
TRAIN091274,gradeable
TRAIN034605,gradeable
TRAIN048606,gradeable
TRAIN046208,gradeable
TRAIN080663,gradeable
TRAIN002356,gradeable
TRAIN037868,gradeable
TRAIN021105,gradeable
TRAIN022071,gradeable
TRAIN051873,gradeable
TRAIN015048,gradeable
TRAIN027040,gradeable
TRAIN062200,gradeable
TRAIN035052,gradeable
TRAIN094199,gradeable
TRAIN074279,gradeable
TRAIN001630,gradeable
TRAIN016544,gradeable
TRAIN026567,gradeable
TRAIN051050,gradeable
TRAIN051143,gradeable
TRAIN081635,gradeable
TRAIN077070,gradeable
TRAIN052741,gradeable
TRAIN021243,gradeable
TRAIN054665,gradeable
TRAIN003552,gradeable
TRAIN024122,gradeable
TRAIN097060,gradeable
TRAIN024055,gradeable
TRAIN058330,gradeable
TRAIN061821,gradeable
TRAIN072339,gradeable
TRAIN055314,gradeable
TRAIN024096,gradeable
TRAIN028881,gradeable
TRAIN051932,gradeable
TRAIN081817,gradeable
TRAIN043812,gradeable
TRAIN037618,gradeable
TRAIN035829,gradeable
TRAIN046533,gradeable
TRAIN089588,gradeable
TRAIN058582,gradeable
TRAIN099718,gradeable
TRAIN035768,gradeable
TRAIN036040,gradeable
TRAIN020655,gradeable
TRAIN050323,gradeable
TRAIN056743,gradeable
TRAIN074681,gradeable
TRAIN046130,gradeable
TRAIN066492,gradeable
TRAIN075204,gradeable
TRAIN032102,gradeable
TRAIN064238,gradeable
TRAIN027406,gradeable
TRAIN088367,gradeable
TRAIN084149,gradeable
TRAIN020095,gradeable
TRAIN050055,gradeable
TRAIN056562,gradeable
TRAIN008810,gradeable
TRAIN042100,gradeable
TRAIN080753,gradeable
TRAIN014277,gradeable
TRAIN089664,gradeable
TRAIN101123,gradeable
TRAIN020434,gradeable
TRAIN090610,gradeable
TRAIN046043,gradeable
TRAIN059302,gradeable
TRAIN100028,gradeable
TRAIN054291,gradeable
TRAIN030977,gradeable
TRAIN021553,gradeable
TRAIN040085,gradeable
TRAIN051776,gradeable
TRAIN095870,gradeable
TRAIN023843,gradeable
TRAIN015049,gradeable
TRAIN005319,gradeable
TRAIN042435,gradeable
TRAIN087334,gradeable
TRAIN004956,gradeable
TRAIN071434,gradeable
TRAIN064478,gradeable
TRAIN036022,gradeable
TRAIN056077,gradeable
TRAIN055742,gradeable
TRAIN009865,gradeable
TRAIN023936,gradeable
TRAIN037568,gradeable
TRAIN043822,gradeable
TRAIN059338,gradeable
TRAIN089710,gradeable
TRAIN085999,gradeable
TRAIN006077,gradeable
TRAIN091529,gradeable
TRAIN013644,gradeable
TRAIN021642,gradeable
TRAIN076577,gradeable
TRAIN099330,gradeable
TRAIN031411,gradeable
TRAIN049609,gradeable
TRAIN093792,gradeable
TRAIN004908,gradeable
TRAIN065370,gradeable
TRAIN036154,gradeable
TRAIN063377,gradeable
TRAIN049827,gradeable
TRAIN050977,gradeable
TRAIN029587,gradeable
TRAIN084336,gradeable
TRAIN027141,gradeable
TRAIN008986,gradeable
TRAIN053579,gradeable
TRAIN092294,gradeable
TRAIN047517,gradeable
TRAIN028838,gradeable
TRAIN008639,gradeable
TRAIN009431,gradeable
TRAIN008198,gradeable
TRAIN084843,gradeable
TRAIN021798,gradeable
TRAIN021764,gradeable
TRAIN016926,gradeable
TRAIN076969,gradeable
TRAIN028293,gradeable
TRAIN048279,gradeable
TRAIN054154,gradeable
TRAIN033409,gradeable
TRAIN058155,gradeable
TRAIN033366,gradeable
TRAIN004786,gradeable
TRAIN040079,gradeable
TRAIN059720,gradeable
TRAIN093047,gradeable
TRAIN066646,gradeable
TRAIN051645,gradeable
TRAIN047713,gradeable
TRAIN055325,gradeable
TRAIN017853,gradeable
TRAIN022878,gradeable
TRAIN090963,gradeable
TRAIN016384,gradeable
TRAIN084733,gradeable
TRAIN088235,gradeable
TRAIN047424,gradeable
TRAIN037312,gradeable
TRAIN055609,gradeable
TRAIN052095,gradeable
TRAIN027006,gradeable
TRAIN059046,gradeable
TRAIN013004,gradeable
TRAIN085078,gradeable
TRAIN005667,gradeable
TRAIN048404,gradeable
TRAIN082472,gradeable
TRAIN045148,gradeable
TRAIN056798,gradeable
TRAIN001129,gradeable
TRAIN009629,gradeable
TRAIN018819,gradeable
TRAIN075185,gradeable
TRAIN034859,gradeable
TRAIN040272,gradeable
TRAIN000316,gradeable
TRAIN091926,gradeable
TRAIN084024,gradeable
TRAIN067690,gradeable
TRAIN093770,gradeable
TRAIN037169,gradeable
TRAIN025959,gradeable
TRAIN028690,gradeable
TRAIN019417,gradeable
TRAIN087529,gradeable
TRAIN046513,gradeable
TRAIN059452,gradeable
TRAIN012210,gradeable
TRAIN047408,gradeable
TRAIN093601,gradeable
TRAIN095649,gradeable
TRAIN100832,gradeable
TRAIN084806,gradeable
TRAIN084249,gradeable
TRAIN014187,gradeable
TRAIN085501,gradeable
TRAIN087475,gradeable
TRAIN002104,gradeable
TRAIN052628,gradeable
TRAIN079028,gradeable
TRAIN029002,gradeable
TRAIN073056,gradeable
TRAIN005535,gradeable
TRAIN047102,gradeable
TRAIN005715,gradeable
TRAIN098046,gradeable
TRAIN061379,gradeable
TRAIN065677,gradeable
TRAIN040477,gradeable
TRAIN032017,gradeable
TRAIN043912,gradeable
TRAIN096406,gradeable
TRAIN040218,gradeable
TRAIN096625,gradeable
TRAIN012765,gradeable
TRAIN035933,gradeable
TRAIN009489,gradeable
TRAIN045924,gradeable
TRAIN046155,gradeable
TRAIN075484,gradeable
TRAIN069510,gradeable
TRAIN082142,gradeable
TRAIN099886,gradeable
TRAIN047773,gradeable
TRAIN046355,gradeable
TRAIN079111,gradeable
TRAIN016866,gradeable
TRAIN086219,gradeable
TRAIN025271,gradeable
TRAIN034876,gradeable
TRAIN086331,gradeable
TRAIN012275,gradeable
TRAIN065646,gradeable
TRAIN009030,gradeable
TRAIN078243,gradeable
TRAIN004718,gradeable
TRAIN004346,gradeable
TRAIN051094,gradeable
TRAIN026352,gradeable
TRAIN059706,gradeable
TRAIN070553,gradeable
TRAIN053613,gradeable
TRAIN033257,gradeable
TRAIN092837,gradeable
TRAIN097845,gradeable
TRAIN038743,gradeable
TRAIN090373,gradeable
TRAIN075229,gradeable
TRAIN082210,gradeable
TRAIN015122,gradeable
TRAIN049492,gradeable
TRAIN080835,gradeable
TRAIN065331,gradeable
TRAIN054873,gradeable
TRAIN091173,gradeable
TRAIN037069,gradeable
TRAIN054031,gradeable
TRAIN097575,gradeable
TRAIN032124,gradeable
TRAIN073237,gradeable
TRAIN099400,gradeable
TRAIN032238,gradeable
TRAIN011244,gradeable
TRAIN071873,gradeable
TRAIN022419,gradeable
TRAIN076432,gradeable
TRAIN085767,gradeable
TRAIN049590,gradeable
TRAIN049621,gradeable
TRAIN003219,gradeable
TRAIN016265,gradeable
TRAIN079812,gradeable
TRAIN000351,gradeable
TRAIN085866,gradeable
TRAIN020530,gradeable
TRAIN046057,gradeable
TRAIN063766,gradeable
TRAIN083479,gradeable
TRAIN033573,gradeable
TRAIN017483,gradeable
TRAIN016475,gradeable
TRAIN016565,gradeable
TRAIN050485,gradeable
TRAIN026004,gradeable
TRAIN056625,gradeable
TRAIN098448,gradeable
TRAIN065934,gradeable
TRAIN021076,gradeable
TRAIN019151,gradeable
TRAIN019612,gradeable
TRAIN053607,gradeable
TRAIN034842,gradeable
TRAIN002391,gradeable
TRAIN095376,gradeable
TRAIN049740,gradeable
TRAIN074233,gradeable
TRAIN096743,gradeable
TRAIN074208,gradeable
TRAIN054778,gradeable
TRAIN030331,gradeable
TRAIN029744,gradeable
TRAIN073703,gradeable
TRAIN061290,gradeable
TRAIN041694,gradeable
TRAIN075442,gradeable
TRAIN082498,gradeable
TRAIN057352,gradeable
TRAIN013411,gradeable
TRAIN083964,gradeable
TRAIN020378,gradeable
TRAIN062055,gradeable
TRAIN070572,gradeable
TRAIN083051,gradeable
TRAIN083270,gradeable
TRAIN091324,gradeable
TRAIN006286,gradeable
TRAIN095510,gradeable
TRAIN085219,gradeable
TRAIN058612,gradeable
TRAIN092885,gradeable
TRAIN090407,gradeable
TRAIN058852,gradeable
TRAIN066000,gradeable
TRAIN016734,gradeable
TRAIN078167,gradeable
TRAIN046263,gradeable
TRAIN082776,gradeable
TRAIN071656,gradeable
TRAIN091914,gradeable
TRAIN077218,gradeable
TRAIN013688,gradeable
TRAIN081352,gradeable
TRAIN033866,gradeable
TRAIN098015,gradeable
TRAIN094933,gradeable
TRAIN064246,gradeable
TRAIN005353,gradeable
TRAIN029276,gradeable
TRAIN075444,gradeable
TRAIN092259,gradeable
TRAIN055501,gradeable
TRAIN078383,gradeable
TRAIN096118,gradeable
TRAIN055187,gradeable
TRAIN034040,gradeable
TRAIN017797,gradeable
TRAIN048713,gradeable
TRAIN006488,gradeable
TRAIN012099,gradeable
TRAIN079966,gradeable
TRAIN091378,gradeable
TRAIN043187,gradeable
TRAIN077374,gradeable
TRAIN078634,gradeable
TRAIN053614,gradeable
TRAIN077579,gradeable
TRAIN070170,gradeable
TRAIN066346,gradeable
TRAIN047929,gradeable
TRAIN005858,gradeable
TRAIN054733,gradeable
TRAIN078338,gradeable
TRAIN063908,gradeable
TRAIN034418,gradeable
TRAIN066446,gradeable
TRAIN021962,gradeable
TRAIN072573,gradeable
TRAIN049977,gradeable
TRAIN020099,gradeable
TRAIN014201,gradeable
TRAIN075116,gradeable
TRAIN026565,gradeable
TRAIN008171,gradeable
TRAIN066435,gradeable
TRAIN043943,gradeable
TRAIN071899,gradeable
TRAIN063130,gradeable
TRAIN033120,gradeable
TRAIN031621,gradeable
TRAIN044862,gradeable
TRAIN054130,gradeable
TRAIN093647,gradeable
TRAIN093346,gradeable
TRAIN088508,gradeable
TRAIN002505,gradeable
TRAIN071533,gradeable
TRAIN025346,gradeable
TRAIN041184,gradeable
TRAIN004811,gradeable
TRAIN050262,gradeable
TRAIN037043,gradeable
TRAIN049153,gradeable
TRAIN019690,gradeable
TRAIN026341,gradeable
TRAIN037716,gradeable
TRAIN085813,gradeable
TRAIN096282,gradeable
TRAIN095687,gradeable
TRAIN083535,gradeable
TRAIN082773,gradeable
TRAIN024706,gradeable
TRAIN035036,gradeable
TRAIN043274,gradeable
TRAIN093103,gradeable
TRAIN067106,gradeable
TRAIN011342,gradeable
TRAIN090402,gradeable
TRAIN012646,gradeable
TRAIN034880,gradeable
TRAIN001400,gradeable
TRAIN024313,gradeable
TRAIN092448,gradeable
TRAIN066099,gradeable
TRAIN042784,gradeable
TRAIN005764,gradeable
TRAIN084013,gradeable
TRAIN056034,gradeable
TRAIN068003,gradeable
TRAIN006368,gradeable
TRAIN054494,gradeable
TRAIN084575,gradeable
TRAIN020896,gradeable
TRAIN097096,gradeable
TRAIN073176,gradeable
TRAIN083728,gradeable
TRAIN043004,gradeable
TRAIN059425,gradeable
TRAIN100412,gradeable
TRAIN046569,gradeable
TRAIN074412,gradeable
TRAIN069449,gradeable
TRAIN085349,gradeable
TRAIN022836,gradeable
TRAIN088365,gradeable
TRAIN010239,gradeable
TRAIN045967,gradeable
TRAIN010754,gradeable
TRAIN001276,gradeable
TRAIN028961,gradeable
TRAIN067195,gradeable
TRAIN089101,gradeable
TRAIN025651,gradeable
TRAIN036603,gradeable
TRAIN083518,gradeable
TRAIN049001,gradeable
TRAIN045817,gradeable
TRAIN050668,gradeable
TRAIN079790,gradeable
TRAIN032600,gradeable
TRAIN058763,gradeable
TRAIN070313,gradeable
TRAIN043451,gradeable
TRAIN013692,gradeable
TRAIN090531,gradeable
TRAIN048807,gradeable
TRAIN033421,gradeable
TRAIN091095,gradeable
TRAIN057251,gradeable
TRAIN053271,gradeable
TRAIN033284,gradeable
TRAIN030643,gradeable
TRAIN008752,gradeable
TRAIN098312,gradeable
TRAIN027715,gradeable
TRAIN017777,gradeable
TRAIN016840,gradeable
TRAIN095866,gradeable
TRAIN088929,gradeable
TRAIN057699,gradeable
TRAIN069258,gradeable
TRAIN081232,gradeable
TRAIN033058,gradeable
TRAIN056142,gradeable
TRAIN091708,gradeable
TRAIN082274,gradeable
TRAIN097892,gradeable
TRAIN004980,gradeable
TRAIN063513,gradeable
TRAIN074989,gradeable
TRAIN088660,gradeable
TRAIN083851,gradeable
TRAIN030177,gradeable
TRAIN092915,gradeable
TRAIN088561,gradeable
TRAIN049449,gradeable
TRAIN055327,gradeable
TRAIN081383,gradeable
TRAIN025754,gradeable
TRAIN016763,gradeable
TRAIN100249,gradeable
TRAIN044609,gradeable
TRAIN037933,gradeable
TRAIN090011,gradeable
TRAIN006541,gradeable
TRAIN016603,gradeable
TRAIN054942,gradeable
TRAIN065707,gradeable
TRAIN009688,gradeable
TRAIN000342,gradeable
TRAIN028908,gradeable
TRAIN098603,gradeable
TRAIN034463,gradeable
TRAIN098287,gradeable
TRAIN039356,gradeable
TRAIN090676,gradeable
TRAIN015521,gradeable
TRAIN053739,gradeable
TRAIN088253,gradeable
TRAIN002713,gradeable
TRAIN074114,gradeable
TRAIN082525,gradeable
TRAIN035430,gradeable
TRAIN020763,gradeable
TRAIN048360,gradeable
TRAIN029606,gradeable
TRAIN061066,gradeable
TRAIN032575,gradeable
TRAIN070287,gradeable
TRAIN071271,gradeable
TRAIN058215,gradeable
TRAIN001535,gradeable
TRAIN024594,gradeable
TRAIN061938,gradeable
TRAIN037582,gradeable
TRAIN098590,gradeable
TRAIN052283,gradeable
TRAIN032407,gradeable
TRAIN071926,gradeable
TRAIN072910,gradeable
TRAIN022393,gradeable
TRAIN095557,gradeable
TRAIN024987,gradeable
TRAIN068110,gradeable
TRAIN064088,gradeable
TRAIN089266,gradeable
TRAIN007943,gradeable
TRAIN095998,gradeable
TRAIN073702,gradeable
TRAIN011919,gradeable
TRAIN036121,gradeable
TRAIN099729,gradeable
TRAIN065329,gradeable
TRAIN072679,gradeable
TRAIN068096,gradeable
TRAIN046438,gradeable
TRAIN081396,gradeable
TRAIN090848,gradeable
TRAIN018516,gradeable
TRAIN029813,gradeable
TRAIN018751,gradeable
TRAIN048631,gradeable
TRAIN092979,gradeable
TRAIN060071,gradeable
TRAIN076376,gradeable
TRAIN078999,gradeable
TRAIN052164,gradeable
TRAIN051965,gradeable
TRAIN061761,gradeable
TRAIN083751,gradeable
TRAIN017621,gradeable
TRAIN040285,gradeable
TRAIN053091,gradeable
TRAIN040699,gradeable
TRAIN039985,gradeable
TRAIN028024,gradeable
TRAIN091778,gradeable
TRAIN087756,gradeable
TRAIN023419,gradeable
TRAIN033768,gradeable
TRAIN041003,gradeable
TRAIN069388,gradeable
TRAIN058453,gradeable
TRAIN010389,gradeable
TRAIN030842,gradeable
TRAIN069365,gradeable
TRAIN046314,gradeable
TRAIN007076,gradeable
TRAIN002206,gradeable
TRAIN070316,gradeable
TRAIN081902,gradeable
TRAIN049945,gradeable
TRAIN090254,gradeable
TRAIN041780,gradeable
TRAIN032296,gradeable
TRAIN034568,gradeable
TRAIN083179,gradeable
TRAIN023193,gradeable
TRAIN018391,gradeable
TRAIN073040,gradeable
TRAIN014797,gradeable
TRAIN058078,gradeable
TRAIN041799,gradeable
TRAIN069490,gradeable
TRAIN057650,gradeable
TRAIN062512,gradeable
TRAIN083484,gradeable
TRAIN022897,gradeable
TRAIN060686,gradeable
TRAIN023474,gradeable
TRAIN100384,gradeable
TRAIN071829,gradeable
TRAIN096098,gradeable
TRAIN056595,gradeable
TRAIN021235,gradeable
TRAIN012733,gradeable
TRAIN092049,gradeable
TRAIN017089,gradeable
TRAIN027621,gradeable
TRAIN091374,gradeable
TRAIN010849,gradeable
TRAIN032898,gradeable
TRAIN021309,gradeable
TRAIN080884,gradeable
TRAIN031682,gradeable
TRAIN099065,gradeable
TRAIN026536,gradeable
TRAIN016875,gradeable
TRAIN039025,gradeable
TRAIN051169,gradeable
TRAIN068097,gradeable
TRAIN049242,gradeable
TRAIN056488,gradeable
TRAIN058211,gradeable
TRAIN002084,gradeable
TRAIN058308,gradeable
TRAIN043952,gradeable
TRAIN098922,gradeable
TRAIN009329,gradeable
TRAIN060899,gradeable
TRAIN090003,gradeable
TRAIN010698,gradeable
TRAIN011004,gradeable
TRAIN099955,gradeable
TRAIN049322,gradeable
TRAIN003459,gradeable
TRAIN056747,gradeable
TRAIN026777,gradeable
TRAIN004778,gradeable
TRAIN078094,gradeable
TRAIN048603,gradeable
TRAIN013649,gradeable
TRAIN063116,gradeable
TRAIN016893,gradeable
TRAIN003854,gradeable
TRAIN016165,gradeable
TRAIN070457,gradeable
TRAIN081666,gradeable
TRAIN093798,gradeable
TRAIN072495,gradeable
TRAIN013662,gradeable
TRAIN040240,gradeable
TRAIN033813,gradeable
TRAIN079092,gradeable
TRAIN014975,gradeable
TRAIN003205,gradeable
TRAIN093723,gradeable
TRAIN079961,gradeable
TRAIN016929,gradeable
TRAIN064065,gradeable
TRAIN087887,gradeable
TRAIN022319,gradeable
TRAIN008720,gradeable
TRAIN023699,gradeable
TRAIN079933,gradeable
TRAIN007532,gradeable
TRAIN065170,gradeable
TRAIN100942,gradeable
TRAIN062389,gradeable
TRAIN080905,gradeable
TRAIN059691,gradeable
TRAIN069150,gradeable
TRAIN028598,gradeable
TRAIN049970,gradeable
TRAIN020914,gradeable
TRAIN074039,gradeable
TRAIN069172,gradeable
TRAIN034186,gradeable
TRAIN078401,gradeable
TRAIN086591,gradeable
TRAIN002696,gradeable
TRAIN099682,gradeable
TRAIN001335,gradeable
TRAIN020290,gradeable
TRAIN084777,gradeable
TRAIN074781,gradeable
TRAIN028516,gradeable
TRAIN075233,gradeable
TRAIN044658,gradeable
TRAIN085243,gradeable
TRAIN043160,gradeable
TRAIN049900,gradeable
TRAIN050530,gradeable
TRAIN005692,gradeable
TRAIN099379,gradeable
TRAIN009058,gradeable
TRAIN073075,gradeable
TRAIN058776,gradeable
TRAIN059532,gradeable
TRAIN013777,gradeable
TRAIN023516,gradeable
TRAIN068286,gradeable
TRAIN015263,gradeable
TRAIN015186,gradeable
TRAIN081581,gradeable
TRAIN077577,gradeable
TRAIN022584,gradeable
TRAIN028626,gradeable
TRAIN089135,gradeable
TRAIN008733,gradeable
TRAIN004186,gradeable
TRAIN026801,gradeable
TRAIN031697,gradeable
TRAIN017698,gradeable
TRAIN054876,gradeable
TRAIN053467,gradeable
TRAIN007533,gradeable
TRAIN062316,gradeable
TRAIN002409,gradeable
TRAIN065666,gradeable
TRAIN054152,gradeable
TRAIN041224,gradeable
TRAIN064944,gradeable
TRAIN055639,gradeable
TRAIN049907,gradeable
TRAIN038829,gradeable
TRAIN027785,gradeable
TRAIN094905,gradeable
TRAIN037940,gradeable
TRAIN036540,gradeable
TRAIN094472,gradeable
TRAIN011113,gradeable
TRAIN068885,gradeable
TRAIN041251,gradeable
TRAIN096991,gradeable
TRAIN036101,gradeable
TRAIN072855,gradeable
TRAIN061779,gradeable
TRAIN021184,gradeable
TRAIN075348,gradeable
TRAIN088297,gradeable
TRAIN003379,gradeable
TRAIN077348,gradeable
TRAIN018692,gradeable
TRAIN036936,gradeable
TRAIN087247,gradeable
TRAIN014939,gradeable
TRAIN059539,gradeable
TRAIN043005,gradeable
TRAIN026764,gradeable
TRAIN045589,gradeable
TRAIN064320,gradeable
TRAIN044630,gradeable
TRAIN049636,gradeable
TRAIN022285,gradeable
TRAIN093036,gradeable
TRAIN075330,gradeable
TRAIN001797,gradeable
TRAIN039756,gradeable
TRAIN029384,gradeable
TRAIN044438,gradeable
TRAIN090171,gradeable
TRAIN000761,gradeable
TRAIN058088,gradeable
TRAIN006020,gradeable
TRAIN006705,gradeable
TRAIN004837,gradeable
TRAIN078888,gradeable
TRAIN031026,gradeable
TRAIN074967,gradeable
TRAIN057459,gradeable
TRAIN082017,gradeable
TRAIN085770,gradeable
TRAIN027697,gradeable
TRAIN075880,gradeable
TRAIN002860,gradeable
TRAIN040534,gradeable
TRAIN089189,gradeable
TRAIN091711,gradeable
TRAIN012872,gradeable
TRAIN065751,gradeable
TRAIN015265,gradeable
TRAIN047990,gradeable
TRAIN033249,gradeable
TRAIN023450,gradeable
TRAIN070213,gradeable
TRAIN055725,gradeable
TRAIN098649,gradeable
TRAIN037549,gradeable
TRAIN004560,gradeable
TRAIN096223,gradeable
TRAIN030762,gradeable
TRAIN031665,gradeable
TRAIN060154,gradeable
TRAIN084145,gradeable
TRAIN030892,gradeable
TRAIN074595,gradeable
TRAIN016978,gradeable
TRAIN056543,gradeable
TRAIN023300,gradeable
TRAIN006046,gradeable
TRAIN016636,gradeable
TRAIN012681,gradeable
TRAIN055207,gradeable
TRAIN062849,gradeable
TRAIN043491,gradeable
TRAIN077490,gradeable
TRAIN047280,gradeable
TRAIN075929,gradeable
TRAIN076765,gradeable
TRAIN058819,gradeable
TRAIN035008,gradeable
TRAIN083801,gradeable
TRAIN098714,gradeable
TRAIN044650,gradeable
TRAIN095264,gradeable
TRAIN086909,gradeable
TRAIN082866,gradeable
TRAIN046947,gradeable
TRAIN052380,gradeable
TRAIN063289,gradeable
TRAIN011144,gradeable
TRAIN091082,gradeable
TRAIN077958,gradeable
TRAIN053697,gradeable
TRAIN013195,gradeable
TRAIN090071,gradeable
TRAIN022339,gradeable
TRAIN058270,gradeable
TRAIN017246,gradeable
TRAIN074491,gradeable
TRAIN082902,gradeable
TRAIN097642,gradeable
TRAIN056151,gradeable
TRAIN008288,gradeable
TRAIN079188,gradeable
TRAIN054076,gradeable
TRAIN053586,gradeable
TRAIN014948,gradeable
TRAIN016407,gradeable
TRAIN101043,gradeable
TRAIN072983,gradeable
TRAIN053215,gradeable
TRAIN052541,gradeable
TRAIN031078,gradeable
TRAIN028249,gradeable
TRAIN058274,gradeable
TRAIN074978,gradeable
TRAIN083702,gradeable
TRAIN056591,gradeable
TRAIN014099,gradeable
TRAIN068739,gradeable
TRAIN063230,gradeable
TRAIN024483,gradeable
TRAIN020958,gradeable
TRAIN099818,gradeable
TRAIN036278,gradeable
TRAIN035685,gradeable
TRAIN012222,gradeable
TRAIN053433,gradeable
TRAIN092879,gradeable
TRAIN062888,gradeable
TRAIN010305,gradeable
TRAIN032327,gradeable
TRAIN051927,gradeable
TRAIN091912,gradeable
TRAIN007626,gradeable
TRAIN065893,gradeable
TRAIN044721,gradeable
TRAIN013889,gradeable
TRAIN013606,gradeable
TRAIN041765,gradeable
TRAIN084927,gradeable
TRAIN078255,gradeable
TRAIN038104,gradeable
TRAIN064876,gradeable
TRAIN089381,gradeable
TRAIN097094,gradeable
TRAIN067493,gradeable
TRAIN024726,gradeable
TRAIN099725,gradeable
TRAIN057408,gradeable
TRAIN042359,gradeable
TRAIN050123,gradeable
TRAIN005719,gradeable
TRAIN006276,gradeable
TRAIN084012,gradeable
TRAIN075632,gradeable
TRAIN091277,gradeable
TRAIN085249,gradeable
TRAIN097352,gradeable
TRAIN085406,gradeable
TRAIN051896,gradeable
TRAIN060021,gradeable
TRAIN027872,gradeable
TRAIN020728,gradeable
TRAIN003100,gradeable
TRAIN029613,gradeable
TRAIN065766,gradeable
TRAIN033149,gradeable
TRAIN086852,gradeable
TRAIN031107,gradeable
TRAIN017674,gradeable
TRAIN070655,gradeable
TRAIN054114,gradeable
TRAIN029913,gradeable
TRAIN100299,gradeable
TRAIN014307,gradeable
TRAIN057357,gradeable
TRAIN050890,gradeable
TRAIN027094,gradeable
TRAIN094125,gradeable
TRAIN079615,gradeable
TRAIN077351,gradeable
TRAIN087522,gradeable
TRAIN085497,gradeable
TRAIN011758,gradeable
TRAIN055551,gradeable
TRAIN031166,gradeable
TRAIN046454,gradeable
TRAIN061466,gradeable
TRAIN035562,gradeable
TRAIN057610,gradeable
TRAIN080460,gradeable
TRAIN028016,gradeable
TRAIN076323,gradeable
TRAIN014045,gradeable
TRAIN038984,gradeable
TRAIN097661,gradeable
TRAIN009698,gradeable
TRAIN079293,gradeable
TRAIN051224,gradeable
TRAIN035815,gradeable
TRAIN045666,gradeable
TRAIN057694,gradeable
TRAIN035216,gradeable
TRAIN091872,gradeable
TRAIN059021,gradeable
TRAIN021080,gradeable
TRAIN099590,gradeable
TRAIN043792,gradeable
TRAIN066917,gradeable
TRAIN065661,gradeable
TRAIN002450,gradeable
TRAIN000855,gradeable
TRAIN013883,gradeable
TRAIN011631,gradeable
TRAIN004020,gradeable
TRAIN045914,gradeable
TRAIN036021,gradeable
TRAIN035998,gradeable
TRAIN034315,gradeable
TRAIN022979,gradeable
TRAIN003004,gradeable
TRAIN013246,gradeable
TRAIN085296,gradeable
TRAIN072836,gradeable
TRAIN033216,gradeable
TRAIN071767,gradeable
TRAIN076388,gradeable
TRAIN061199,gradeable
TRAIN010748,gradeable
TRAIN063335,gradeable
TRAIN045888,gradeable
TRAIN031291,gradeable
TRAIN051426,gradeable
TRAIN079601,gradeable
TRAIN096490,gradeable
TRAIN019182,gradeable
TRAIN002854,gradeable
TRAIN040007,gradeable
TRAIN009207,gradeable
TRAIN097417,gradeable
TRAIN091513,gradeable
TRAIN017784,gradeable
TRAIN053041,gradeable
TRAIN079639,gradeable
TRAIN013188,gradeable
TRAIN043116,gradeable
TRAIN091381,gradeable
TRAIN079908,gradeable
TRAIN092497,gradeable
TRAIN005990,gradeable
TRAIN028696,gradeable
TRAIN042292,gradeable
TRAIN036751,gradeable
TRAIN069634,gradeable
TRAIN036224,gradeable
TRAIN087026,gradeable
TRAIN036264,gradeable
TRAIN003525,gradeable
TRAIN043421,gradeable
TRAIN001007,gradeable
TRAIN082301,gradeable
TRAIN068353,gradeable
TRAIN005969,gradeable
TRAIN095598,gradeable
TRAIN058744,gradeable
TRAIN037415,gradeable
TRAIN101327,gradeable
TRAIN028063,gradeable
TRAIN073630,gradeable
TRAIN019099,gradeable
TRAIN006549,gradeable
TRAIN047854,gradeable
TRAIN086500,gradeable
TRAIN086308,gradeable
TRAIN034048,gradeable
TRAIN039655,gradeable
TRAIN045655,gradeable
TRAIN043391,gradeable
TRAIN052336,gradeable
TRAIN043346,gradeable
TRAIN003778,gradeable
TRAIN022066,gradeable
TRAIN010342,gradeable
TRAIN101173,gradeable
TRAIN061158,gradeable
TRAIN062712,gradeable
TRAIN014618,gradeable
TRAIN097550,gradeable
TRAIN060708,gradeable
TRAIN005672,gradeable
TRAIN020927,gradeable
TRAIN025438,gradeable
TRAIN003075,gradeable
TRAIN016977,gradeable
TRAIN086888,gradeable
TRAIN000906,gradeable
TRAIN014039,gradeable
TRAIN100775,gradeable
TRAIN055100,gradeable
TRAIN036893,gradeable
TRAIN008450,gradeable
TRAIN062581,gradeable
TRAIN002594,gradeable
TRAIN049372,gradeable
TRAIN018456,gradeable
TRAIN032787,gradeable
TRAIN073514,gradeable
TRAIN100205,gradeable
TRAIN100674,gradeable
TRAIN066426,gradeable
TRAIN010855,gradeable
TRAIN011930,gradeable
TRAIN076266,gradeable
TRAIN045027,gradeable
TRAIN081478,gradeable
TRAIN012905,gradeable
TRAIN063897,gradeable
TRAIN051697,gradeable
TRAIN058079,gradeable
TRAIN070981,gradeable
TRAIN053406,gradeable
TRAIN076114,gradeable
TRAIN073161,gradeable
TRAIN024341,gradeable
TRAIN033808,gradeable
TRAIN022715,gradeable
TRAIN088802,gradeable
TRAIN080505,gradeable
TRAIN011322,gradeable
TRAIN089121,gradeable
TRAIN070013,gradeable
TRAIN037149,gradeable
TRAIN040759,gradeable
TRAIN021924,gradeable
TRAIN023382,gradeable
TRAIN066727,gradeable
TRAIN029459,gradeable
TRAIN007460,gradeable
TRAIN023610,gradeable
TRAIN021317,gradeable
TRAIN009226,gradeable
TRAIN063970,gradeable
TRAIN079515,gradeable
TRAIN002319,gradeable
TRAIN064363,gradeable
TRAIN068493,gradeable
TRAIN007344,gradeable
TRAIN029413,gradeable
TRAIN070805,gradeable
TRAIN047731,gradeable
TRAIN029358,gradeable
TRAIN053561,gradeable
TRAIN016687,gradeable
TRAIN097348,gradeable
TRAIN086476,gradeable
TRAIN081208,gradeable
TRAIN045675,gradeable
TRAIN042377,gradeable
TRAIN080198,gradeable
TRAIN072955,gradeable
TRAIN008963,gradeable
TRAIN005090,gradeable
TRAIN091309,gradeable
TRAIN069472,gradeable
TRAIN027469,gradeable
TRAIN092391,gradeable
TRAIN090466,gradeable
TRAIN054668,gradeable
TRAIN044842,gradeable
TRAIN038503,gradeable
TRAIN049077,gradeable
TRAIN020191,gradeable
TRAIN080929,gradeable
TRAIN008604,gradeable
TRAIN021813,gradeable
TRAIN077442,gradeable
TRAIN076596,gradeable
TRAIN036895,gradeable
TRAIN010184,gradeable
TRAIN006072,gradeable
TRAIN094930,gradeable
TRAIN003491,gradeable
TRAIN086550,gradeable
TRAIN084686,gradeable
TRAIN035468,gradeable
TRAIN096912,gradeable
TRAIN010432,gradeable
TRAIN090190,gradeable
TRAIN007315,gradeable
TRAIN076430,gradeable
TRAIN036986,gradeable
TRAIN062535,gradeable
TRAIN043547,gradeable
TRAIN070083,gradeable
TRAIN092576,gradeable
TRAIN030721,gradeable
TRAIN017138,gradeable
TRAIN038677,gradeable
TRAIN059793,gradeable
TRAIN059557,gradeable
TRAIN038724,gradeable
TRAIN001873,gradeable
TRAIN076795,gradeable
TRAIN081751,gradeable
TRAIN037997,gradeable
TRAIN081022,gradeable
TRAIN001397,gradeable
TRAIN063071,gradeable
TRAIN073931,gradeable
TRAIN062370,gradeable
TRAIN005045,gradeable
TRAIN015210,gradeable
TRAIN066736,gradeable
TRAIN024382,gradeable
TRAIN062751,gradeable
TRAIN019338,gradeable
TRAIN023310,gradeable
TRAIN041414,gradeable
TRAIN056294,gradeable
TRAIN063737,gradeable
TRAIN093417,gradeable
TRAIN083470,gradeable
TRAIN088857,gradeable
TRAIN081507,gradeable
TRAIN003831,gradeable
TRAIN015126,gradeable
TRAIN018832,gradeable
TRAIN050983,gradeable
TRAIN056597,gradeable
TRAIN042146,gradeable
TRAIN003079,gradeable
TRAIN039641,gradeable
TRAIN052573,gradeable
TRAIN080053,gradeable
TRAIN013442,gradeable
TRAIN007817,gradeable
TRAIN027654,gradeable
TRAIN009100,gradeable
TRAIN010643,gradeable
TRAIN054183,gradeable
TRAIN036115,gradeable
TRAIN100003,gradeable
TRAIN076259,gradeable
TRAIN063877,gradeable
TRAIN069806,gradeable
TRAIN005868,gradeable
TRAIN048306,gradeable
TRAIN006527,gradeable
TRAIN037165,gradeable
TRAIN077658,gradeable
TRAIN016439,gradeable
TRAIN003120,gradeable
TRAIN028673,gradeable
TRAIN004467,gradeable
TRAIN077217,gradeable
TRAIN035258,gradeable
TRAIN080917,gradeable
TRAIN055071,gradeable
TRAIN008725,gradeable
TRAIN073775,gradeable
TRAIN038434,gradeable
TRAIN013303,gradeable
TRAIN057720,gradeable
TRAIN063311,gradeable
TRAIN088849,gradeable
TRAIN077738,gradeable
TRAIN030614,gradeable
TRAIN093384,gradeable
TRAIN023852,gradeable
TRAIN094506,gradeable
TRAIN100629,gradeable
TRAIN016306,gradeable
TRAIN022082,gradeable
TRAIN077088,gradeable
TRAIN067264,gradeable
TRAIN047152,gradeable
TRAIN034270,gradeable
TRAIN003894,gradeable
TRAIN063067,gradeable
TRAIN070589,gradeable
TRAIN019062,gradeable
TRAIN057431,gradeable
TRAIN061479,gradeable
TRAIN002054,gradeable
TRAIN062077,gradeable
TRAIN096024,gradeable
TRAIN029821,gradeable
TRAIN065715,gradeable
TRAIN016650,gradeable
TRAIN041063,gradeable
TRAIN054343,gradeable
TRAIN094956,gradeable
TRAIN100437,gradeable
TRAIN073127,gradeable
TRAIN081111,gradeable
TRAIN038082,gradeable
TRAIN026287,gradeable
TRAIN002370,gradeable
TRAIN058068,gradeable
TRAIN021904,gradeable
TRAIN026521,gradeable
TRAIN098539,gradeable
TRAIN026998,gradeable
TRAIN092561,gradeable
TRAIN019008,gradeable
TRAIN045286,gradeable
TRAIN060730,gradeable
TRAIN063969,gradeable
TRAIN082366,gradeable
TRAIN064587,gradeable
TRAIN014568,gradeable
TRAIN007728,gradeable
TRAIN035196,gradeable
TRAIN038153,gradeable
TRAIN061651,gradeable
TRAIN077516,gradeable
TRAIN029700,gradeable
TRAIN028883,gradeable
TRAIN061020,gradeable
TRAIN072423,gradeable
TRAIN012806,gradeable
TRAIN079431,gradeable
TRAIN042374,gradeable
TRAIN099415,gradeable
TRAIN043206,gradeable
TRAIN026332,gradeable
TRAIN046801,gradeable
TRAIN020082,gradeable
TRAIN029474,gradeable
TRAIN035749,gradeable
TRAIN007691,gradeable
TRAIN004813,gradeable
TRAIN049301,gradeable
TRAIN043175,gradeable
TRAIN009908,gradeable
TRAIN005597,gradeable
TRAIN055627,gradeable
TRAIN062797,gradeable
TRAIN078943,gradeable
TRAIN094187,gradeable
TRAIN001808,gradeable
TRAIN052919,gradeable
TRAIN078016,gradeable
TRAIN042145,gradeable
TRAIN084704,gradeable
TRAIN013495,gradeable
TRAIN013371,gradeable
TRAIN031154,gradeable
TRAIN095323,gradeable
TRAIN062531,gradeable
TRAIN087271,gradeable
TRAIN026022,gradeable
TRAIN091492,gradeable
TRAIN072264,gradeable
TRAIN081731,gradeable
TRAIN012097,gradeable
TRAIN097014,gradeable
TRAIN004228,gradeable
TRAIN000451,gradeable
TRAIN091461,gradeable
TRAIN097462,gradeable
TRAIN097208,gradeable
TRAIN063277,gradeable
TRAIN055718,gradeable
TRAIN041450,gradeable
TRAIN094953,gradeable
TRAIN005602,gradeable
TRAIN085542,gradeable
TRAIN091772,gradeable
TRAIN011014,gradeable
TRAIN012448,gradeable
TRAIN053400,gradeable
TRAIN020757,gradeable
TRAIN071040,gradeable
TRAIN010503,gradeable
TRAIN094330,gradeable
TRAIN055265,gradeable
TRAIN040103,gradeable
TRAIN075723,gradeable
TRAIN094343,gradeable
TRAIN077080,gradeable
TRAIN075853,gradeable
TRAIN055949,gradeable
TRAIN006469,gradeable
TRAIN099338,gradeable
TRAIN059502,gradeable
TRAIN048457,gradeable
TRAIN053409,gradeable
TRAIN078941,gradeable
TRAIN005460,gradeable
TRAIN056071,gradeable
TRAIN055578,gradeable
TRAIN041225,gradeable
TRAIN057484,gradeable
TRAIN083733,gradeable
TRAIN051755,gradeable
TRAIN037274,gradeable
TRAIN014603,gradeable
TRAIN099849,gradeable
TRAIN045744,gradeable
TRAIN004883,gradeable
TRAIN081036,gradeable
TRAIN084994,gradeable
TRAIN068410,gradeable
TRAIN059068,gradeable
TRAIN065574,gradeable
TRAIN074810,gradeable
TRAIN039381,gradeable
TRAIN076329,gradeable
TRAIN029277,gradeable
TRAIN054266,gradeable
TRAIN016014,gradeable
TRAIN015677,gradeable
TRAIN090468,gradeable
TRAIN099884,gradeable
TRAIN040155,gradeable
TRAIN001304,gradeable
TRAIN053052,gradeable
TRAIN033057,gradeable
TRAIN062145,gradeable
TRAIN084715,gradeable
TRAIN011101,gradeable
TRAIN051327,gradeable
TRAIN093416,gradeable
TRAIN077739,gradeable
TRAIN064852,gradeable
TRAIN073434,gradeable
TRAIN071760,gradeable
TRAIN010478,gradeable
TRAIN060599,gradeable
TRAIN052601,gradeable
TRAIN072140,gradeable
TRAIN014521,gradeable
TRAIN084532,gradeable
TRAIN087629,gradeable
TRAIN011230,gradeable
TRAIN043730,gradeable
TRAIN001897,gradeable
TRAIN094036,gradeable
TRAIN099755,gradeable
TRAIN083975,gradeable
TRAIN060943,gradeable
TRAIN097796,gradeable
TRAIN019630,gradeable
TRAIN063276,gradeable
TRAIN093336,gradeable
TRAIN032386,gradeable
TRAIN076357,gradeable
TRAIN028947,gradeable
TRAIN017277,gradeable
TRAIN062669,gradeable
TRAIN062051,gradeable
TRAIN080506,gradeable
TRAIN053430,gradeable
TRAIN077075,gradeable
TRAIN014138,gradeable
TRAIN023324,gradeable
TRAIN042842,gradeable
TRAIN082198,gradeable
TRAIN040086,gradeable
TRAIN062439,gradeable
TRAIN050227,gradeable
TRAIN052292,gradeable
TRAIN027554,gradeable
TRAIN089612,gradeable
TRAIN058011,gradeable
TRAIN098004,gradeable
TRAIN020345,gradeable
TRAIN098645,gradeable
TRAIN099855,gradeable
TRAIN079635,gradeable
TRAIN030004,gradeable
TRAIN037316,gradeable
TRAIN093528,gradeable
TRAIN072001,gradeable
TRAIN056183,gradeable
TRAIN072748,gradeable
TRAIN035049,gradeable
TRAIN096882,gradeable
TRAIN053526,gradeable
TRAIN022705,gradeable
TRAIN094813,gradeable
TRAIN036492,gradeable
TRAIN058702,gradeable
TRAIN006291,gradeable
TRAIN068651,gradeable
TRAIN062079,gradeable
TRAIN034297,gradeable
TRAIN065610,gradeable
TRAIN001641,gradeable
TRAIN078573,gradeable
TRAIN001067,gradeable
TRAIN100940,gradeable
TRAIN082084,gradeable
TRAIN068847,gradeable
TRAIN065085,gradeable
TRAIN079159,gradeable
TRAIN068130,gradeable
TRAIN082657,gradeable
TRAIN043640,gradeable
TRAIN040390,gradeable
TRAIN020477,gradeable
TRAIN069484,gradeable
TRAIN012136,gradeable
TRAIN015165,gradeable
TRAIN030130,gradeable
TRAIN063132,gradeable
TRAIN070899,gradeable
TRAIN067300,gradeable
TRAIN084594,gradeable
TRAIN048359,gradeable
TRAIN028353,gradeable
TRAIN040484,gradeable
TRAIN030559,gradeable
TRAIN054355,gradeable
TRAIN059522,gradeable
TRAIN079928,gradeable
TRAIN033385,gradeable
TRAIN093816,gradeable
TRAIN089638,gradeable
TRAIN050854,gradeable
TRAIN022812,gradeable
TRAIN087525,gradeable
TRAIN006766,gradeable
TRAIN000123,gradeable
TRAIN005421,gradeable
TRAIN085234,gradeable
TRAIN095111,gradeable
TRAIN054500,gradeable
TRAIN071791,gradeable
TRAIN017660,gradeable
TRAIN038017,gradeable
TRAIN030743,gradeable
TRAIN039816,gradeable
TRAIN055714,gradeable
TRAIN024647,gradeable
TRAIN045623,gradeable
TRAIN036077,gradeable
TRAIN001398,gradeable
TRAIN035861,gradeable
TRAIN063185,gradeable
TRAIN068969,gradeable
TRAIN059295,gradeable
TRAIN036738,gradeable
TRAIN010825,gradeable
TRAIN027376,gradeable
TRAIN084039,gradeable
TRAIN003186,gradeable
TRAIN089861,gradeable
TRAIN029910,gradeable
TRAIN097956,gradeable
TRAIN072034,gradeable
TRAIN084571,gradeable
TRAIN097673,gradeable
TRAIN096325,gradeable
TRAIN096458,gradeable
TRAIN061371,gradeable
TRAIN064445,gradeable
TRAIN074684,gradeable
TRAIN015872,gradeable
TRAIN042260,gradeable
TRAIN085485,gradeable
TRAIN096090,gradeable
TRAIN006876,gradeable
TRAIN074015,gradeable
TRAIN051534,gradeable
TRAIN025780,gradeable
TRAIN058746,gradeable
TRAIN095669,gradeable
TRAIN089368,gradeable
TRAIN063941,gradeable
TRAIN038300,gradeable
TRAIN057035,gradeable
TRAIN032666,gradeable
TRAIN095875,gradeable
TRAIN075980,gradeable
TRAIN095053,gradeable
TRAIN020373,gradeable
TRAIN094205,gradeable
TRAIN039726,gradeable
TRAIN019531,gradeable
TRAIN062130,gradeable
TRAIN017145,gradeable
TRAIN056212,gradeable
TRAIN047785,gradeable
TRAIN074945,gradeable
TRAIN008857,gradeable
TRAIN044810,gradeable
TRAIN047926,gradeable
TRAIN005087,gradeable
TRAIN083136,gradeable
TRAIN015862,gradeable
TRAIN005153,gradeable
TRAIN053559,gradeable
TRAIN034835,gradeable
TRAIN041798,gradeable
TRAIN095967,gradeable
TRAIN002809,gradeable
TRAIN013254,gradeable
TRAIN037749,gradeable
TRAIN018846,gradeable
TRAIN002941,gradeable
TRAIN029625,gradeable
TRAIN096826,gradeable
TRAIN060401,gradeable
TRAIN096899,gradeable
TRAIN086026,gradeable
TRAIN091553,gradeable
TRAIN095253,gradeable
TRAIN055217,gradeable
TRAIN055787,gradeable
TRAIN095257,gradeable
TRAIN023220,gradeable
TRAIN029262,gradeable
TRAIN090918,gradeable
TRAIN015329,gradeable
TRAIN048643,gradeable
TRAIN076139,gradeable
TRAIN016881,gradeable
TRAIN081107,gradeable
TRAIN042536,gradeable
TRAIN098747,gradeable
TRAIN096645,gradeable
TRAIN099410,gradeable
TRAIN026393,gradeable
TRAIN018051,gradeable
TRAIN082430,gradeable
TRAIN014920,gradeable
TRAIN000261,gradeable
TRAIN003422,gradeable
TRAIN023605,gradeable
TRAIN055858,gradeable
TRAIN001574,gradeable
TRAIN014380,gradeable
TRAIN032462,gradeable
TRAIN024818,gradeable
TRAIN098071,gradeable
TRAIN079193,gradeable
TRAIN091869,gradeable
TRAIN023601,gradeable
TRAIN080651,gradeable
TRAIN099875,gradeable
TRAIN055174,gradeable
TRAIN057341,gradeable
TRAIN084867,gradeable
TRAIN076119,gradeable
TRAIN071338,gradeable
TRAIN100356,gradeable
TRAIN069897,gradeable
TRAIN013911,gradeable
TRAIN021333,gradeable
TRAIN077402,gradeable
TRAIN095671,gradeable
TRAIN051995,gradeable
TRAIN068224,gradeable
TRAIN091810,gradeable
TRAIN070522,gradeable
TRAIN015997,gradeable
TRAIN011496,gradeable
TRAIN093057,gradeable
TRAIN064367,gradeable
TRAIN041664,gradeable
TRAIN004106,gradeable
TRAIN046461,gradeable
TRAIN008697,gradeable
TRAIN090414,gradeable
TRAIN018697,gradeable
TRAIN100162,gradeable
TRAIN009189,gradeable
TRAIN091838,gradeable
TRAIN092932,gradeable
TRAIN074444,gradeable
TRAIN012120,gradeable
TRAIN030256,gradeable
TRAIN004135,gradeable
TRAIN057974,gradeable
TRAIN082969,gradeable
TRAIN034960,gradeable
TRAIN000829,gradeable
TRAIN047984,gradeable
TRAIN011066,gradeable
TRAIN075966,gradeable
TRAIN079498,gradeable
TRAIN078590,gradeable
TRAIN016231,gradeable
TRAIN099483,gradeable
TRAIN052872,gradeable
TRAIN061198,gradeable
TRAIN073395,gradeable
TRAIN043979,gradeable
TRAIN020189,gradeable
TRAIN014087,gradeable
TRAIN086153,gradeable
TRAIN043611,gradeable
TRAIN048917,gradeable
TRAIN014441,gradeable
TRAIN098221,gradeable
TRAIN065444,gradeable
TRAIN034720,gradeable
TRAIN049035,gradeable
TRAIN056499,gradeable
TRAIN020598,gradeable
TRAIN000349,gradeable
TRAIN082109,gradeable
TRAIN050444,gradeable
TRAIN068707,gradeable
TRAIN021450,gradeable
TRAIN072494,gradeable
TRAIN063849,gradeable
TRAIN060846,gradeable
TRAIN077220,gradeable
TRAIN019222,gradeable
TRAIN034438,gradeable
TRAIN014350,gradeable
TRAIN040925,gradeable
TRAIN054818,gradeable
TRAIN042681,gradeable
TRAIN055153,gradeable
TRAIN042692,gradeable
TRAIN036325,gradeable
TRAIN016975,gradeable
TRAIN049725,gradeable
TRAIN095195,gradeable
TRAIN095844,gradeable
TRAIN097696,gradeable
TRAIN094805,gradeable
TRAIN036564,gradeable
TRAIN088546,gradeable
TRAIN089443,gradeable
TRAIN022141,gradeable
TRAIN038139,gradeable
TRAIN060036,gradeable
TRAIN090228,gradeable
TRAIN094046,gradeable
TRAIN009522,gradeable
TRAIN021134,gradeable
TRAIN074713,gradeable
TRAIN015121,gradeable
TRAIN100452,gradeable
TRAIN055065,gradeable
TRAIN086394,gradeable
TRAIN099343,gradeable
TRAIN091500,gradeable
TRAIN017522,gradeable
TRAIN070842,gradeable
TRAIN080687,gradeable
TRAIN039672,gradeable
TRAIN004434,gradeable
TRAIN021445,gradeable
TRAIN056121,gradeable
TRAIN021975,gradeable
TRAIN077653,gradeable
TRAIN084511,gradeable
TRAIN011058,gradeable
TRAIN069844,gradeable
TRAIN067962,gradeable
TRAIN081489,gradeable
TRAIN027247,gradeable
TRAIN064775,gradeable
TRAIN035344,gradeable
TRAIN032184,gradeable
TRAIN073598,gradeable
TRAIN048205,gradeable
TRAIN085717,gradeable
TRAIN030917,gradeable
TRAIN090839,gradeable
TRAIN017373,gradeable
TRAIN022652,gradeable
TRAIN042508,gradeable
TRAIN096429,gradeable
TRAIN011547,gradeable
TRAIN059687,gradeable
TRAIN070397,gradeable
TRAIN082701,gradeable
TRAIN012115,gradeable
TRAIN024538,gradeable
TRAIN055027,gradeable
TRAIN053137,gradeable
TRAIN067211,gradeable
TRAIN009815,gradeable
TRAIN014222,gradeable
TRAIN091831,gradeable
TRAIN025619,gradeable
TRAIN038162,gradeable
TRAIN101359,gradeable
TRAIN031547,gradeable
TRAIN057664,gradeable
TRAIN062655,gradeable
TRAIN081935,gradeable
TRAIN086022,gradeable
TRAIN031010,gradeable
TRAIN086226,gradeable
TRAIN015976,gradeable
TRAIN078462,gradeable
TRAIN091141,gradeable
TRAIN002539,gradeable
TRAIN045380,gradeable
TRAIN002329,gradeable
TRAIN000890,gradeable
TRAIN016316,gradeable
TRAIN046657,gradeable
TRAIN060262,gradeable
TRAIN096526,gradeable
TRAIN018205,gradeable
TRAIN033899,gradeable
TRAIN068802,gradeable
TRAIN047428,gradeable
TRAIN063528,gradeable
TRAIN033495,gradeable
TRAIN099620,gradeable
TRAIN068537,gradeable
TRAIN085148,gradeable
TRAIN069802,gradeable
TRAIN017654,gradeable
TRAIN029513,gradeable
TRAIN080324,gradeable
TRAIN059787,gradeable
TRAIN007768,gradeable
TRAIN067481,gradeable
TRAIN017809,gradeable
TRAIN041390,gradeable
TRAIN063549,gradeable
TRAIN066950,gradeable
TRAIN014385,gradeable
TRAIN056278,gradeable
TRAIN092889,gradeable
TRAIN040557,gradeable
TRAIN090182,gradeable
TRAIN052942,gradeable
TRAIN022197,gradeable
TRAIN084502,gradeable
TRAIN014904,gradeable
TRAIN008563,gradeable
TRAIN011000,gradeable
TRAIN074207,gradeable
TRAIN096685,gradeable
TRAIN016804,gradeable
TRAIN068342,gradeable
TRAIN008961,gradeable
TRAIN018561,gradeable
TRAIN017904,gradeable
TRAIN099209,gradeable
TRAIN076799,gradeable
TRAIN054177,gradeable
TRAIN041266,gradeable
TRAIN097719,gradeable
TRAIN074127,gradeable
TRAIN071577,gradeable
TRAIN098657,gradeable
TRAIN077024,gradeable
TRAIN027196,gradeable
TRAIN026404,gradeable
TRAIN076879,gradeable
TRAIN070546,gradeable
TRAIN050023,gradeable
TRAIN028732,gradeable
TRAIN069121,gradeable
TRAIN078225,gradeable
TRAIN083684,gradeable
TRAIN083612,gradeable
TRAIN031017,gradeable
TRAIN030970,gradeable
TRAIN080421,gradeable
TRAIN024048,gradeable
TRAIN017901,gradeable
TRAIN047504,gradeable
TRAIN085099,gradeable
TRAIN040697,gradeable
TRAIN023049,gradeable
TRAIN059102,gradeable
TRAIN082118,gradeable
TRAIN044784,gradeable
TRAIN006183,gradeable
TRAIN092155,gradeable
TRAIN057899,gradeable
TRAIN052642,gradeable
TRAIN096986,gradeable
TRAIN096578,gradeable
TRAIN028428,gradeable
TRAIN071114,gradeable
TRAIN054010,gradeable
TRAIN083605,gradeable
TRAIN051272,gradeable
TRAIN033894,gradeable
TRAIN063674,gradeable
TRAIN098813,gradeable
TRAIN010333,gradeable
TRAIN065522,gradeable
TRAIN089440,gradeable
TRAIN072621,gradeable
TRAIN062805,gradeable
TRAIN090897,gradeable
TRAIN087950,gradeable
TRAIN024209,gradeable
TRAIN094625,gradeable
TRAIN008693,gradeable
TRAIN082240,gradeable
TRAIN100669,gradeable
TRAIN041237,gradeable
TRAIN038561,gradeable
TRAIN077711,gradeable
TRAIN056496,gradeable
TRAIN018171,gradeable
TRAIN051325,gradeable
TRAIN069320,gradeable
TRAIN027998,gradeable
TRAIN090544,gradeable
TRAIN095013,gradeable
TRAIN021019,gradeable
TRAIN019979,gradeable
TRAIN022596,gradeable
TRAIN024920,gradeable
TRAIN011605,gradeable
TRAIN058736,gradeable
TRAIN037075,gradeable
TRAIN062167,gradeable
TRAIN096447,gradeable
TRAIN089373,gradeable
TRAIN051092,gradeable
TRAIN061320,gradeable
TRAIN068351,gradeable
TRAIN093548,gradeable
TRAIN064951,gradeable
TRAIN052179,gradeable
TRAIN094164,gradeable
TRAIN100134,gradeable
TRAIN028228,gradeable
TRAIN049576,gradeable
TRAIN101097,gradeable
TRAIN087398,gradeable
TRAIN096742,gradeable
TRAIN048490,gradeable
TRAIN073421,gradeable
TRAIN085997,gradeable
TRAIN050063,gradeable
TRAIN056739,gradeable
TRAIN055922,gradeable
TRAIN036065,gradeable
TRAIN011821,gradeable
TRAIN074618,gradeable
TRAIN020273,gradeable
TRAIN015449,gradeable
TRAIN005742,gradeable
TRAIN057291,gradeable
TRAIN093986,gradeable
TRAIN009136,gradeable
TRAIN039783,gradeable
TRAIN061279,gradeable
TRAIN057488,gradeable
TRAIN092225,gradeable
TRAIN074750,gradeable
TRAIN046188,gradeable
TRAIN101370,gradeable
TRAIN097520,gradeable
TRAIN029487,gradeable
TRAIN033426,gradeable
TRAIN008008,gradeable
TRAIN019014,gradeable
TRAIN022127,gradeable
TRAIN022302,gradeable
TRAIN013572,gradeable
TRAIN040904,gradeable
TRAIN092200,gradeable
TRAIN083385,gradeable
TRAIN007897,gradeable
TRAIN005206,gradeable
TRAIN080638,gradeable
TRAIN062867,gradeable
TRAIN028331,gradeable
TRAIN034212,gradeable
TRAIN015950,gradeable
TRAIN068051,gradeable
TRAIN048334,gradeable
TRAIN029312,gradeable
TRAIN044271,gradeable
TRAIN080677,gradeable
TRAIN011017,gradeable
TRAIN041419,gradeable
TRAIN088307,gradeable
TRAIN061886,gradeable
TRAIN022265,gradeable
TRAIN077901,gradeable
TRAIN019833,gradeable
TRAIN091894,gradeable
TRAIN063160,gradeable
TRAIN097507,gradeable
TRAIN049194,gradeable
TRAIN053886,gradeable
TRAIN057601,gradeable
TRAIN052991,gradeable
TRAIN004143,gradeable
TRAIN008578,gradeable
TRAIN059439,gradeable
TRAIN099307,gradeable
TRAIN097546,gradeable
TRAIN025443,gradeable
TRAIN002725,gradeable
TRAIN086999,gradeable
TRAIN096994,gradeable
TRAIN054491,gradeable
TRAIN098878,gradeable
TRAIN087752,gradeable
TRAIN061013,gradeable
TRAIN008990,gradeable
TRAIN071496,gradeable
TRAIN083423,gradeable
TRAIN019181,gradeable
TRAIN077370,gradeable
TRAIN014306,gradeable
TRAIN079265,gradeable
TRAIN017822,gradeable
TRAIN010584,gradeable
TRAIN035375,gradeable
TRAIN035340,gradeable
TRAIN017855,gradeable
TRAIN099873,gradeable
TRAIN009544,gradeable
TRAIN069241,gradeable
TRAIN019520,gradeable
TRAIN059333,gradeable
TRAIN012580,gradeable
TRAIN020747,gradeable
TRAIN044204,gradeable
TRAIN012426,gradeable
TRAIN020482,gradeable
TRAIN003217,gradeable
TRAIN024170,gradeable
TRAIN056523,gradeable
TRAIN001853,gradeable
TRAIN005537,gradeable
TRAIN096919,gradeable
TRAIN026512,gradeable
TRAIN004504,gradeable
TRAIN003055,gradeable
TRAIN028957,gradeable
TRAIN096512,gradeable
TRAIN076941,gradeable
TRAIN078601,gradeable
TRAIN076725,gradeable
TRAIN004706,gradeable
TRAIN025588,gradeable
TRAIN094299,gradeable
TRAIN085828,gradeable
TRAIN046017,gradeable
TRAIN049957,gradeable
TRAIN058936,gradeable
TRAIN023613,gradeable
TRAIN071144,gradeable
TRAIN087298,gradeable
TRAIN095514,gradeable
TRAIN072859,gradeable
TRAIN044431,gradeable
TRAIN029575,gradeable
TRAIN044492,gradeable
TRAIN066158,gradeable
TRAIN079814,gradeable
TRAIN045976,gradeable
TRAIN023778,gradeable
TRAIN049871,gradeable
TRAIN076811,gradeable
TRAIN073400,gradeable
TRAIN074475,gradeable
TRAIN046884,gradeable
TRAIN079902,gradeable
TRAIN071686,gradeable
TRAIN095793,gradeable
TRAIN034576,gradeable
TRAIN074677,gradeable
TRAIN076067,gradeable
TRAIN082794,gradeable
TRAIN060704,gradeable
TRAIN033362,gradeable
TRAIN014933,gradeable
TRAIN023514,gradeable
TRAIN041904,gradeable
TRAIN026037,gradeable
TRAIN045514,gradeable
TRAIN066602,gradeable
TRAIN000195,gradeable
TRAIN099653,gradeable
TRAIN079766,gradeable
TRAIN033609,gradeable
TRAIN078986,gradeable
TRAIN077356,gradeable
TRAIN084564,gradeable
TRAIN034589,gradeable
TRAIN049258,gradeable
TRAIN100274,gradeable
TRAIN047581,gradeable
TRAIN085172,gradeable
TRAIN054401,gradeable
TRAIN010991,gradeable
TRAIN056131,gradeable
TRAIN098775,gradeable
TRAIN034946,gradeable
TRAIN047293,gradeable
TRAIN016256,gradeable
TRAIN062127,gradeable
TRAIN027750,gradeable
TRAIN009437,gradeable
TRAIN072698,gradeable
TRAIN041888,gradeable
TRAIN017168,gradeable
TRAIN003437,gradeable
TRAIN053692,gradeable
TRAIN053481,gradeable
TRAIN090562,gradeable
TRAIN069477,gradeable
TRAIN099267,gradeable
TRAIN033521,gradeable
TRAIN027863,gradeable
TRAIN012267,gradeable
TRAIN042035,gradeable
TRAIN099171,gradeable
TRAIN014207,gradeable
TRAIN021444,gradeable
TRAIN041264,gradeable
TRAIN068009,gradeable
TRAIN085597,gradeable
TRAIN004925,gradeable
TRAIN012268,gradeable
TRAIN035193,gradeable
TRAIN036814,gradeable
TRAIN044108,gradeable
TRAIN071724,gradeable
TRAIN012355,gradeable
TRAIN089753,gradeable
TRAIN072701,gradeable
TRAIN084277,gradeable
TRAIN079980,gradeable
TRAIN078815,gradeable
TRAIN093644,gradeable
TRAIN077081,gradeable
TRAIN036853,gradeable
TRAIN013144,gradeable
TRAIN051969,gradeable
TRAIN030006,gradeable
TRAIN052187,gradeable
TRAIN011383,gradeable
TRAIN032791,gradeable
TRAIN072234,gradeable
TRAIN071524,gradeable
TRAIN016200,gradeable
TRAIN033370,gradeable
TRAIN043834,gradeable
TRAIN006631,gradeable
TRAIN018982,gradeable
TRAIN060556,gradeable
TRAIN010096,gradeable
TRAIN086030,gradeable
TRAIN087714,gradeable
TRAIN005717,gradeable
TRAIN025296,gradeable
TRAIN021468,gradeable
TRAIN063199,gradeable
TRAIN010111,gradeable
TRAIN023951,gradeable
TRAIN003659,gradeable
TRAIN025546,gradeable
TRAIN065724,gradeable
TRAIN061948,gradeable
TRAIN006210,gradeable
TRAIN053953,gradeable
TRAIN078541,gradeable
TRAIN074268,gradeable
TRAIN048024,gradeable
TRAIN086021,gradeable
TRAIN018423,gradeable
TRAIN014624,gradeable
TRAIN079103,gradeable
TRAIN085967,gradeable
TRAIN008189,gradeable
TRAIN070412,gradeable
TRAIN056409,gradeable
TRAIN032385,gradeable
TRAIN066190,gradeable
TRAIN041320,gradeable
TRAIN010728,gradeable
TRAIN027815,gradeable
TRAIN044394,gradeable
TRAIN058188,gradeable
TRAIN052424,gradeable
TRAIN027782,gradeable
TRAIN023986,gradeable
TRAIN021503,gradeable
TRAIN064949,gradeable
TRAIN072897,gradeable
TRAIN096534,gradeable
TRAIN097152,gradeable
TRAIN030948,gradeable
TRAIN002738,gradeable
TRAIN096169,gradeable
TRAIN070641,gradeable
TRAIN051334,gradeable
TRAIN018934,gradeable
TRAIN061708,gradeable
TRAIN062456,gradeable
TRAIN086337,gradeable
TRAIN045598,gradeable
TRAIN066278,gradeable
TRAIN030563,gradeable
TRAIN039517,gradeable
TRAIN026336,gradeable
TRAIN032343,gradeable
TRAIN032127,gradeable
TRAIN034733,gradeable
TRAIN047932,gradeable
TRAIN074340,gradeable
TRAIN014398,gradeable
TRAIN086291,gradeable
TRAIN026792,gradeable
TRAIN035593,gradeable
TRAIN086612,gradeable
TRAIN010254,gradeable
TRAIN049482,gradeable
TRAIN025289,gradeable
TRAIN044266,gradeable
TRAIN008545,gradeable
TRAIN032306,gradeable
TRAIN093975,gradeable
TRAIN057247,gradeable
TRAIN078750,gradeable
TRAIN033029,gradeable
TRAIN078396,gradeable
TRAIN069349,gradeable
TRAIN084827,gradeable
TRAIN064480,gradeable
TRAIN040111,gradeable
TRAIN040377,gradeable
TRAIN046600,gradeable
TRAIN086679,gradeable
TRAIN011059,gradeable
TRAIN057079,gradeable
TRAIN030047,gradeable
TRAIN054065,gradeable
TRAIN043420,gradeable
TRAIN085815,gradeable
TRAIN082872,gradeable
TRAIN068530,gradeable
TRAIN021083,gradeable
TRAIN008185,gradeable
TRAIN025001,gradeable
TRAIN031345,gradeable
TRAIN009361,gradeable
TRAIN076781,gradeable
TRAIN086522,gradeable
TRAIN016949,gradeable
TRAIN021864,gradeable
TRAIN013197,gradeable
TRAIN026079,gradeable
TRAIN052787,gradeable
TRAIN058260,gradeable
TRAIN058585,gradeable
TRAIN075114,gradeable
TRAIN001673,gradeable
TRAIN048115,gradeable
TRAIN005024,gradeable
TRAIN056863,gradeable
TRAIN046324,gradeable
TRAIN040678,gradeable
TRAIN084022,gradeable
TRAIN051403,gradeable
TRAIN060535,gradeable
TRAIN019489,gradeable
TRAIN024587,gradeable
TRAIN021990,gradeable
TRAIN020989,gradeable
TRAIN080168,gradeable
TRAIN020990,gradeable
TRAIN075032,gradeable
TRAIN049520,gradeable
TRAIN081457,gradeable
TRAIN037123,gradeable
TRAIN043972,gradeable
TRAIN056377,gradeable
TRAIN039972,gradeable
TRAIN027520,gradeable
TRAIN002641,gradeable
TRAIN015238,gradeable
TRAIN083276,gradeable
TRAIN074995,gradeable
TRAIN025990,gradeable
TRAIN073885,gradeable
TRAIN093903,gradeable
TRAIN090634,gradeable
TRAIN046719,gradeable
TRAIN005530,gradeable
TRAIN006489,gradeable
TRAIN048776,gradeable
TRAIN017280,gradeable
TRAIN012732,gradeable
TRAIN016029,gradeable
TRAIN070419,gradeable
TRAIN093159,gradeable
TRAIN022617,gradeable
TRAIN086049,gradeable
TRAIN067337,gradeable
TRAIN054265,gradeable
TRAIN002942,gradeable
TRAIN007636,gradeable
TRAIN070882,gradeable
TRAIN057090,gradeable
TRAIN051912,gradeable
TRAIN003888,gradeable
TRAIN069500,gradeable
TRAIN034901,gradeable
TRAIN050076,gradeable
TRAIN045973,gradeable
TRAIN042677,gradeable
TRAIN093345,gradeable
TRAIN023211,gradeable
TRAIN029240,gradeable
TRAIN066511,gradeable
TRAIN070912,gradeable
TRAIN083837,gradeable
TRAIN043509,gradeable
TRAIN082957,gradeable
TRAIN028514,gradeable
TRAIN014994,gradeable
TRAIN032754,gradeable
TRAIN060932,gradeable
TRAIN030690,gradeable
TRAIN038280,gradeable
TRAIN092736,gradeable
TRAIN010630,gradeable
TRAIN055111,gradeable
TRAIN036885,gradeable
TRAIN064153,gradeable
TRAIN045037,gradeable
TRAIN064796,gradeable
TRAIN057999,gradeable
TRAIN025926,gradeable
TRAIN066113,gradeable
TRAIN089875,gradeable
TRAIN046662,gradeable
TRAIN072803,gradeable
TRAIN002555,gradeable
TRAIN047641,gradeable
TRAIN002732,gradeable
TRAIN000698,gradeable
TRAIN053014,gradeable
TRAIN004258,gradeable
TRAIN007300,gradeable
TRAIN032180,gradeable
TRAIN082324,gradeable
TRAIN025215,gradeable
TRAIN076846,gradeable
TRAIN074441,gradeable
TRAIN097608,gradeable
TRAIN059859,gradeable
TRAIN012887,gradeable
TRAIN035238,gradeable
TRAIN041927,gradeable
TRAIN041157,gradeable
TRAIN097198,gradeable
TRAIN036819,gradeable
TRAIN083197,gradeable
TRAIN022911,gradeable
TRAIN023298,gradeable
TRAIN066177,gradeable
TRAIN028184,gradeable
TRAIN090833,gradeable
TRAIN070821,gradeable
TRAIN037513,gradeable
TRAIN065964,gradeable
TRAIN095437,gradeable
TRAIN055271,gradeable
TRAIN041112,gradeable
TRAIN019410,gradeable
TRAIN004453,gradeable
TRAIN074051,gradeable
TRAIN056709,gradeable
TRAIN016457,gradeable
TRAIN038087,gradeable
TRAIN023389,gradeable
TRAIN016562,gradeable
TRAIN029845,gradeable
TRAIN009771,gradeable
TRAIN082123,gradeable
TRAIN089073,gradeable
TRAIN075591,gradeable
TRAIN010556,gradeable
TRAIN085858,gradeable
TRAIN019127,gradeable
TRAIN100541,gradeable
TRAIN068780,gradeable
TRAIN022890,gradeable
TRAIN016993,gradeable
TRAIN087410,gradeable
TRAIN022850,gradeable
TRAIN078341,gradeable
TRAIN010951,gradeable
TRAIN013657,gradeable
TRAIN017593,gradeable
TRAIN019320,gradeable
TRAIN032489,gradeable
TRAIN032783,gradeable
TRAIN020977,gradeable
TRAIN013334,gradeable
TRAIN080856,gradeable
TRAIN070602,gradeable
TRAIN095471,gradeable
TRAIN057558,gradeable
TRAIN061549,gradeable
TRAIN005016,gradeable
TRAIN095371,gradeable
TRAIN082484,gradeable
TRAIN094100,gradeable
TRAIN008883,gradeable
TRAIN002224,gradeable
TRAIN015706,gradeable
TRAIN043872,gradeable
TRAIN067858,gradeable
TRAIN037490,gradeable
TRAIN010067,gradeable
TRAIN066449,gradeable
TRAIN003192,gradeable
TRAIN093162,gradeable
TRAIN083533,gradeable
TRAIN094878,gradeable
TRAIN010646,gradeable
TRAIN047696,gradeable
TRAIN035816,gradeable
TRAIN083370,gradeable
TRAIN042347,gradeable
TRAIN082115,gradeable
TRAIN092241,gradeable
TRAIN014788,gradeable
TRAIN063336,gradeable
TRAIN055985,gradeable
TRAIN027165,gradeable
TRAIN011372,gradeable
TRAIN002047,gradeable
TRAIN028971,gradeable
TRAIN057547,gradeable
TRAIN060891,gradeable
TRAIN037913,gradeable
TRAIN047168,gradeable
TRAIN059866,gradeable
TRAIN078464,gradeable
TRAIN083082,gradeable
TRAIN071183,gradeable
TRAIN030782,gradeable
TRAIN060077,gradeable
TRAIN038391,gradeable
TRAIN001357,gradeable
TRAIN054924,gradeable
TRAIN082108,gradeable
TRAIN043089,gradeable
TRAIN084860,gradeable
TRAIN040160,gradeable
TRAIN066818,gradeable
TRAIN061999,gradeable
TRAIN031649,gradeable
TRAIN092298,gradeable
TRAIN021323,gradeable
TRAIN009444,gradeable
TRAIN081058,gradeable
TRAIN035491,gradeable
TRAIN092445,gradeable
TRAIN086739,gradeable
TRAIN092706,gradeable
TRAIN027179,gradeable
TRAIN050448,gradeable
TRAIN054783,gradeable
TRAIN050443,gradeable
TRAIN024079,gradeable
TRAIN094305,gradeable
TRAIN092070,gradeable
TRAIN016082,gradeable
TRAIN018886,gradeable
TRAIN058587,gradeable
TRAIN061946,gradeable
TRAIN032277,gradeable
TRAIN009096,gradeable
TRAIN087973,gradeable
TRAIN096611,gradeable
TRAIN048080,gradeable
TRAIN047105,gradeable
TRAIN013482,gradeable
TRAIN096101,gradeable
TRAIN058117,gradeable
TRAIN058268,gradeable
TRAIN065752,gradeable
TRAIN101254,gradeable
TRAIN028527,gradeable
TRAIN060438,gradeable
TRAIN015570,gradeable
TRAIN075712,gradeable
TRAIN054848,gradeable
TRAIN043746,gradeable
TRAIN062791,gradeable
TRAIN057454,gradeable
TRAIN079891,gradeable
TRAIN055743,gradeable
TRAIN096162,gradeable
TRAIN078939,gradeable
TRAIN009482,gradeable
TRAIN012344,gradeable
TRAIN039888,gradeable
TRAIN080827,gradeable
TRAIN063296,gradeable
TRAIN015622,gradeable
TRAIN058442,gradeable
TRAIN008358,gradeable
TRAIN059398,gradeable
TRAIN017160,gradeable
TRAIN079888,gradeable
TRAIN099002,gradeable
TRAIN072789,gradeable
TRAIN065902,gradeable
TRAIN095063,gradeable
TRAIN025996,gradeable
TRAIN003563,gradeable
TRAIN043814,gradeable
TRAIN027602,gradeable
TRAIN044797,gradeable
TRAIN052169,gradeable
TRAIN032521,gradeable
TRAIN099294,gradeable
TRAIN094035,gradeable
TRAIN080597,gradeable
TRAIN096471,gradeable
TRAIN016012,gradeable
TRAIN035175,gradeable
TRAIN031955,gradeable
TRAIN039870,gradeable
TRAIN023896,gradeable
TRAIN056276,gradeable
TRAIN018677,gradeable
TRAIN099175,gradeable
TRAIN097051,gradeable
TRAIN014057,gradeable
TRAIN016449,gradeable
TRAIN068612,gradeable
TRAIN073518,gradeable
TRAIN077390,gradeable
TRAIN031436,gradeable
TRAIN092067,gradeable
TRAIN080533,gradeable
TRAIN071885,gradeable
TRAIN060383,gradeable
TRAIN086551,gradeable
TRAIN078071,gradeable
TRAIN028439,gradeable
TRAIN073074,gradeable
TRAIN101018,gradeable
TRAIN021983,gradeable
TRAIN042546,gradeable
TRAIN016936,gradeable
TRAIN098577,gradeable
TRAIN039612,gradeable
TRAIN069342,gradeable
TRAIN076008,gradeable
TRAIN011765,gradeable
TRAIN063481,gradeable
TRAIN052026,gradeable
TRAIN083941,gradeable
TRAIN089548,gradeable
TRAIN020010,gradeable
TRAIN016857,gradeable
TRAIN089334,gradeable
TRAIN019731,gradeable
TRAIN067844,gradeable
TRAIN043691,gradeable
TRAIN036839,gradeable
TRAIN094574,gradeable
TRAIN067390,gradeable
TRAIN035324,gradeable
TRAIN041839,gradeable
TRAIN056137,gradeable
TRAIN075254,gradeable
TRAIN098152,gradeable
TRAIN067298,gradeable
TRAIN023606,gradeable
TRAIN042336,gradeable
TRAIN097599,gradeable
TRAIN032162,gradeable
TRAIN095830,gradeable
TRAIN035558,gradeable
TRAIN060745,gradeable
TRAIN066483,gradeable
TRAIN035437,gradeable
TRAIN050781,gradeable
TRAIN052215,gradeable
TRAIN011240,gradeable
TRAIN046534,gradeable
TRAIN101104,gradeable
TRAIN068976,gradeable
TRAIN004901,gradeable
TRAIN000873,gradeable
TRAIN093809,gradeable
TRAIN094864,gradeable
TRAIN036721,gradeable
TRAIN023704,gradeable
TRAIN074873,gradeable
TRAIN001271,gradeable
TRAIN067770,gradeable
TRAIN091507,gradeable
TRAIN031906,gradeable
TRAIN068274,gradeable
TRAIN050583,gradeable
TRAIN088389,gradeable
TRAIN031956,gradeable
TRAIN036827,gradeable
TRAIN074227,gradeable
TRAIN002466,gradeable
TRAIN062239,gradeable
TRAIN070017,gradeable
TRAIN039931,gradeable
TRAIN059180,gradeable
TRAIN081060,gradeable
TRAIN022402,gradeable
TRAIN068115,gradeable
TRAIN070780,gradeable
TRAIN098672,gradeable
TRAIN032743,gradeable
TRAIN016957,gradeable
TRAIN037739,gradeable
TRAIN058077,gradeable
TRAIN088476,gradeable
TRAIN026879,gradeable
TRAIN064959,gradeable
TRAIN051351,gradeable
TRAIN088323,gradeable
TRAIN042122,gradeable
TRAIN058352,gradeable
TRAIN071579,gradeable
TRAIN035963,gradeable
TRAIN044708,gradeable
TRAIN055533,gradeable
TRAIN013245,gradeable
TRAIN026169,gradeable
TRAIN019694,gradeable
TRAIN006918,gradeable
TRAIN039458,gradeable
TRAIN015688,gradeable
TRAIN067596,gradeable
TRAIN068281,gradeable
TRAIN073441,gradeable
TRAIN055927,gradeable
TRAIN047552,gradeable
TRAIN055350,gradeable
TRAIN014503,gradeable
TRAIN089884,gradeable
TRAIN011851,gradeable
TRAIN097185,gradeable
TRAIN026354,gradeable
TRAIN090611,gradeable
TRAIN001090,gradeable
TRAIN019535,gradeable
TRAIN020402,gradeable
TRAIN039164,gradeable
TRAIN020302,gradeable
TRAIN070528,gradeable
TRAIN021754,gradeable
TRAIN026476,gradeable
TRAIN025078,gradeable
TRAIN036188,gradeable
TRAIN033739,gradeable
TRAIN023903,gradeable
TRAIN011926,gradeable
TRAIN096446,gradeable
TRAIN091514,gradeable
TRAIN041551,gradeable
TRAIN074148,gradeable
TRAIN015420,gradeable
TRAIN054829,gradeable
TRAIN076836,gradeable
TRAIN058369,gradeable
TRAIN033188,gradeable
TRAIN005756,gradeable
TRAIN062473,gradeable
TRAIN021549,gradeable
TRAIN074622,gradeable
TRAIN071513,gradeable
TRAIN082534,gradeable
TRAIN029883,gradeable
TRAIN048363,gradeable
TRAIN061745,gradeable
TRAIN081644,gradeable
TRAIN028868,gradeable
TRAIN094882,gradeable
TRAIN016852,gradeable
TRAIN092574,gradeable
TRAIN007373,gradeable
TRAIN080598,gradeable
TRAIN046268,gradeable
TRAIN030618,gradeable
TRAIN018882,gradeable
TRAIN031201,gradeable
TRAIN008817,gradeable
TRAIN063314,gradeable
TRAIN016599,gradeable
TRAIN075855,gradeable
TRAIN008099,gradeable
TRAIN068759,gradeable
TRAIN077765,gradeable
TRAIN077026,gradeable
TRAIN087210,gradeable
TRAIN020432,gradeable
TRAIN089845,gradeable
TRAIN035670,gradeable
TRAIN057730,gradeable
TRAIN074251,gradeable
TRAIN013388,gradeable
TRAIN069739,gradeable
TRAIN059109,gradeable
TRAIN016884,gradeable
TRAIN034014,gradeable
TRAIN042687,gradeable
TRAIN038935,gradeable
TRAIN021953,gradeable
TRAIN077774,gradeable
TRAIN014840,gradeable
TRAIN031297,gradeable
TRAIN087465,gradeable
TRAIN081656,gradeable
TRAIN094567,gradeable
TRAIN079042,gradeable
TRAIN050812,gradeable
TRAIN091641,gradeable
TRAIN037070,gradeable
TRAIN043925,gradeable
TRAIN058476,gradeable
TRAIN035541,gradeable
TRAIN004674,gradeable
TRAIN068044,gradeable
TRAIN071075,gradeable
TRAIN043356,gradeable
TRAIN010586,gradeable
TRAIN096372,gradeable
TRAIN087775,gradeable
TRAIN076923,gradeable
TRAIN004440,gradeable
TRAIN048538,gradeable
TRAIN010431,gradeable
TRAIN012722,gradeable
TRAIN020328,gradeable
TRAIN065219,gradeable
TRAIN085069,gradeable
TRAIN096349,gradeable
TRAIN013424,gradeable
TRAIN070533,gradeable
TRAIN027015,gradeable
TRAIN068195,gradeable
TRAIN092815,gradeable
TRAIN091128,gradeable
TRAIN002530,gradeable
TRAIN075769,gradeable
TRAIN059077,gradeable
TRAIN067582,gradeable
TRAIN063030,gradeable
TRAIN079500,gradeable
TRAIN100208,gradeable
TRAIN086715,gradeable
TRAIN040032,gradeable
TRAIN076693,gradeable
TRAIN094654,gradeable
TRAIN096720,gradeable
TRAIN088657,gradeable
TRAIN073949,gradeable
TRAIN071600,gradeable
TRAIN090063,gradeable
TRAIN016531,gradeable
TRAIN057643,gradeable
TRAIN091714,gradeable
TRAIN039249,gradeable
TRAIN077404,gradeable
TRAIN047723,gradeable
TRAIN031516,gradeable
TRAIN032018,gradeable
TRAIN036273,gradeable
TRAIN016541,gradeable
TRAIN096562,gradeable
TRAIN061213,gradeable
TRAIN001667,gradeable
TRAIN084761,gradeable
TRAIN098921,gradeable
TRAIN020509,gradeable
TRAIN043745,gradeable
TRAIN058499,gradeable
TRAIN099490,gradeable
TRAIN096316,gradeable
TRAIN040740,gradeable
TRAIN005766,gradeable
TRAIN009404,gradeable
TRAIN095815,gradeable
TRAIN059223,gradeable
TRAIN031983,gradeable
TRAIN083091,gradeable
TRAIN036780,gradeable
TRAIN067185,gradeable
TRAIN048068,gradeable
TRAIN040222,gradeable
TRAIN076545,gradeable
TRAIN028271,gradeable
TRAIN098013,gradeable
TRAIN086417,gradeable
TRAIN083965,gradeable
TRAIN097533,gradeable
TRAIN054009,gradeable
TRAIN085585,gradeable
TRAIN007159,gradeable
TRAIN048530,gradeable
TRAIN017408,gradeable
TRAIN092229,gradeable
TRAIN023631,gradeable
TRAIN000668,gradeable
TRAIN055356,gradeable
TRAIN078096,gradeable
TRAIN068070,gradeable
TRAIN001236,gradeable
TRAIN020116,gradeable
TRAIN045125,gradeable
TRAIN060700,gradeable
TRAIN008849,gradeable
TRAIN024474,gradeable
TRAIN011663,gradeable
TRAIN001409,gradeable
TRAIN055172,gradeable
TRAIN011630,gradeable
TRAIN078064,gradeable
TRAIN019734,gradeable
TRAIN067524,gradeable
TRAIN033139,gradeable
TRAIN079050,gradeable
TRAIN014265,gradeable
TRAIN037721,gradeable
TRAIN060007,gradeable
TRAIN099432,gradeable
TRAIN032118,gradeable
TRAIN043966,gradeable
TRAIN007271,gradeable
TRAIN088560,gradeable
TRAIN101010,gradeable
TRAIN082754,gradeable
TRAIN093285,gradeable
TRAIN041304,gradeable
TRAIN042130,gradeable
TRAIN038802,gradeable
TRAIN082452,gradeable
TRAIN008929,gradeable
TRAIN032610,gradeable
TRAIN065175,gradeable
TRAIN002318,gradeable
TRAIN005223,gradeable
TRAIN065005,gradeable
TRAIN068744,gradeable
TRAIN017861,gradeable
TRAIN010055,gradeable
TRAIN094533,gradeable
TRAIN078163,gradeable
TRAIN061140,gradeable
TRAIN002906,gradeable
TRAIN067345,gradeable
TRAIN069163,gradeable
TRAIN025136,gradeable
TRAIN089314,gradeable
TRAIN059108,gradeable
TRAIN039107,gradeable
TRAIN002093,gradeable
TRAIN063240,gradeable
TRAIN049564,gradeable
TRAIN020343,gradeable
TRAIN024750,gradeable
TRAIN064598,gradeable
TRAIN006001,gradeable
TRAIN045618,gradeable
TRAIN085632,gradeable
TRAIN076203,gradeable
TRAIN020801,gradeable
TRAIN072020,gradeable
TRAIN085656,gradeable
TRAIN009174,gradeable
TRAIN068406,gradeable
TRAIN071233,gradeable
TRAIN032197,gradeable
TRAIN091994,gradeable
TRAIN033710,gradeable
TRAIN062474,gradeable
TRAIN062779,gradeable
TRAIN097583,gradeable
TRAIN095000,gradeable
TRAIN009683,gradeable
TRAIN030305,gradeable
TRAIN028550,gradeable
TRAIN074006,gradeable
TRAIN060629,gradeable
TRAIN027740,gradeable
TRAIN062210,gradeable
TRAIN090667,gradeable
TRAIN014901,gradeable
TRAIN049616,gradeable
TRAIN036362,gradeable
TRAIN096352,gradeable
TRAIN096655,ungradeable
TRAIN035511,ungradeable
TRAIN001069,ungradeable
TRAIN034309,ungradeable
TRAIN038076,ungradeable
TRAIN038691,ungradeable
TRAIN017159,ungradeable
TRAIN085871,ungradeable
TRAIN091267,ungradeable
TRAIN064530,ungradeable
TRAIN086993,ungradeable
TRAIN089311,ungradeable
TRAIN040058,ungradeable
TRAIN085954,ungradeable
TRAIN005029,ungradeable
TRAIN098705,ungradeable
TRAIN049128,ungradeable
TRAIN011705,ungradeable
TRAIN033125,ungradeable
TRAIN080276,ungradeable
TRAIN087194,ungradeable
TRAIN067922,ungradeable
TRAIN007602,ungradeable
TRAIN065209,ungradeable
TRAIN071118,ungradeable
TRAIN072637,ungradeable
TRAIN005812,ungradeable
TRAIN076475,ungradeable
TRAIN088072,ungradeable
TRAIN077754,ungradeable
TRAIN098686,ungradeable
TRAIN051409,ungradeable
TRAIN017660,ungradeable
TRAIN034779,ungradeable
TRAIN004953,ungradeable
TRAIN077492,ungradeable
TRAIN010655,ungradeable
TRAIN052345,ungradeable
TRAIN075197,ungradeable
TRAIN014047,ungradeable
TRAIN051507,ungradeable
TRAIN073658,ungradeable
TRAIN001352,ungradeable
TRAIN018996,ungradeable
TRAIN042142,ungradeable
TRAIN044646,ungradeable
TRAIN054172,ungradeable
TRAIN040449,ungradeable
TRAIN069369,ungradeable
TRAIN051613,ungradeable
TRAIN058447,ungradeable
TRAIN086398,ungradeable
TRAIN035785,ungradeable
TRAIN091449,ungradeable
TRAIN058567,ungradeable
TRAIN030922,ungradeable
TRAIN045034,ungradeable
TRAIN013039,ungradeable
TRAIN045659,ungradeable
TRAIN100319,ungradeable
TRAIN044785,ungradeable
TRAIN096012,ungradeable
TRAIN068850,ungradeable
TRAIN059722,ungradeable
TRAIN030565,ungradeable
TRAIN032396,ungradeable
TRAIN047999,ungradeable
TRAIN069169,ungradeable
TRAIN045773,ungradeable
TRAIN051559,ungradeable
TRAIN084951,ungradeable
TRAIN063864,ungradeable
TRAIN072729,ungradeable
TRAIN029579,ungradeable
TRAIN055555,ungradeable
TRAIN089305,ungradeable
TRAIN101073,ungradeable
TRAIN052524,ungradeable
TRAIN003371,ungradeable
TRAIN072406,ungradeable
TRAIN023111,ungradeable
TRAIN072852,ungradeable
TRAIN010157,ungradeable
TRAIN082750,ungradeable
TRAIN020159,ungradeable
TRAIN050751,ungradeable
TRAIN092520,ungradeable
TRAIN037844,ungradeable
TRAIN021126,ungradeable
TRAIN024903,ungradeable
TRAIN084407,ungradeable
TRAIN060906,ungradeable
TRAIN022567,ungradeable
TRAIN009608,ungradeable
TRAIN018626,ungradeable
TRAIN079192,ungradeable
TRAIN034173,ungradeable
TRAIN030435,ungradeable
TRAIN086104,ungradeable
TRAIN000495,ungradeable
TRAIN020950,ungradeable
TRAIN026773,ungradeable
TRAIN057299,ungradeable
TRAIN060638,ungradeable
TRAIN082972,ungradeable
TRAIN057766,ungradeable
TRAIN052727,ungradeable
TRAIN038721,ungradeable
TRAIN071861,ungradeable
TRAIN034844,ungradeable
TRAIN027109,ungradeable
TRAIN076796,ungradeable
TRAIN088914,ungradeable
TRAIN073732,ungradeable
TRAIN031900,ungradeable
TRAIN006214,ungradeable
TRAIN045760,ungradeable
TRAIN045961,ungradeable
TRAIN041090,ungradeable
TRAIN059973,ungradeable
TRAIN056722,ungradeable
TRAIN015842,ungradeable
TRAIN023181,ungradeable
TRAIN071770,ungradeable
TRAIN057155,ungradeable
TRAIN091577,ungradeable
TRAIN056608,ungradeable
TRAIN016016,ungradeable
TRAIN034037,ungradeable
TRAIN066576,ungradeable
TRAIN052822,ungradeable
TRAIN012583,ungradeable
TRAIN082078,ungradeable
TRAIN026164,ungradeable
TRAIN089481,ungradeable
TRAIN095852,ungradeable
TRAIN096863,ungradeable
TRAIN030311,ungradeable
TRAIN063516,ungradeable
TRAIN006776,ungradeable
TRAIN064809,ungradeable
TRAIN015055,ungradeable
TRAIN067044,ungradeable
TRAIN008738,ungradeable
TRAIN075883,ungradeable
TRAIN101304,ungradeable
TRAIN021364,ungradeable
TRAIN083928,ungradeable
TRAIN089704,ungradeable
TRAIN078176,ungradeable
TRAIN036193,ungradeable
TRAIN064628,ungradeable
TRAIN006313,ungradeable
TRAIN045617,ungradeable
TRAIN037054,ungradeable
TRAIN011695,ungradeable
TRAIN093269,ungradeable
TRAIN075103,ungradeable
TRAIN048067,ungradeable
TRAIN006821,ungradeable
TRAIN005331,ungradeable
TRAIN045799,ungradeable
TRAIN064387,ungradeable
TRAIN088777,ungradeable
TRAIN060122,ungradeable
TRAIN003256,ungradeable
TRAIN032001,ungradeable
TRAIN016815,ungradeable
TRAIN071523,ungradeable
TRAIN014801,ungradeable
TRAIN018136,ungradeable
TRAIN013762,ungradeable
TRAIN047786,ungradeable
TRAIN054601,ungradeable
TRAIN054376,ungradeable
TRAIN081223,ungradeable
TRAIN095462,ungradeable
TRAIN006938,ungradeable
TRAIN015225,ungradeable
TRAIN075050,ungradeable
TRAIN013571,ungradeable
TRAIN021668,ungradeable
TRAIN033077,ungradeable
TRAIN057436,ungradeable
TRAIN056534,ungradeable
TRAIN008303,ungradeable
TRAIN073008,ungradeable
TRAIN064996,ungradeable
TRAIN017884,ungradeable
TRAIN082363,ungradeable
TRAIN019784,ungradeable
TRAIN018045,ungradeable
TRAIN057777,ungradeable
TRAIN069226,ungradeable
TRAIN010668,ungradeable
TRAIN040302,ungradeable
TRAIN056178,ungradeable
TRAIN027951,ungradeable
TRAIN012185,ungradeable
TRAIN046833,ungradeable
TRAIN085886,ungradeable
TRAIN058403,ungradeable
TRAIN033891,ungradeable
TRAIN028384,ungradeable
TRAIN048216,ungradeable
TRAIN018851,ungradeable
TRAIN061343,ungradeable
TRAIN075015,ungradeable
TRAIN092339,ungradeable
TRAIN066835,ungradeable
TRAIN080049,ungradeable
TRAIN048363,ungradeable
TRAIN068845,ungradeable
TRAIN009415,ungradeable
TRAIN097337,ungradeable
TRAIN075476,ungradeable
TRAIN023075,ungradeable
TRAIN022471,ungradeable
TRAIN021442,ungradeable
TRAIN001657,ungradeable
TRAIN081189,ungradeable
TRAIN100751,ungradeable
TRAIN023962,ungradeable
TRAIN016358,ungradeable
TRAIN029406,ungradeable
TRAIN043776,ungradeable
TRAIN078346,ungradeable
TRAIN020910,ungradeable
TRAIN028451,ungradeable
TRAIN096596,ungradeable
TRAIN100370,ungradeable
TRAIN031880,ungradeable
TRAIN020171,ungradeable
TRAIN011754,ungradeable
TRAIN012975,ungradeable
TRAIN037436,ungradeable
TRAIN009724,ungradeable
TRAIN078129,ungradeable
TRAIN099410,ungradeable
TRAIN084606,ungradeable
TRAIN013201,ungradeable
TRAIN093836,ungradeable
TRAIN022844,ungradeable
TRAIN076623,ungradeable
TRAIN074823,ungradeable
TRAIN075338,ungradeable
TRAIN012925,ungradeable
TRAIN035226,ungradeable
TRAIN010888,ungradeable
TRAIN032713,ungradeable
TRAIN088559,ungradeable
TRAIN001582,ungradeable
TRAIN041193,ungradeable
TRAIN033740,ungradeable
TRAIN090206,ungradeable
TRAIN001135,ungradeable
TRAIN097559,ungradeable
TRAIN080817,ungradeable
TRAIN036509,ungradeable
TRAIN011262,ungradeable
TRAIN067246,ungradeable
TRAIN094081,ungradeable
TRAIN025523,ungradeable
TRAIN088475,ungradeable
TRAIN090529,ungradeable
TRAIN007311,ungradeable
TRAIN015483,ungradeable
TRAIN098724,ungradeable
TRAIN088641,ungradeable
TRAIN035949,ungradeable
TRAIN089992,ungradeable
TRAIN042144,ungradeable
TRAIN087739,ungradeable
TRAIN045233,ungradeable
TRAIN099284,ungradeable
TRAIN087547,ungradeable
TRAIN028137,ungradeable
TRAIN051936,ungradeable
TRAIN035554,ungradeable
TRAIN085449,ungradeable
TRAIN085373,ungradeable
TRAIN065496,ungradeable
TRAIN044156,ungradeable
TRAIN080388,ungradeable
TRAIN046059,ungradeable
TRAIN005800,ungradeable
TRAIN016608,ungradeable
TRAIN049021,ungradeable
TRAIN068377,ungradeable
TRAIN003613,ungradeable
TRAIN061529,ungradeable
TRAIN006592,ungradeable
TRAIN007031,ungradeable
TRAIN020551,ungradeable
TRAIN016968,ungradeable
TRAIN035683,ungradeable
TRAIN013235,ungradeable
TRAIN043323,ungradeable
TRAIN003485,ungradeable
TRAIN065848,ungradeable
TRAIN026087,ungradeable
TRAIN021741,ungradeable
TRAIN060722,ungradeable
TRAIN042331,ungradeable
TRAIN087754,ungradeable
TRAIN017824,ungradeable
TRAIN063443,ungradeable
TRAIN088996,ungradeable
TRAIN048211,ungradeable
TRAIN044573,ungradeable
TRAIN026387,ungradeable
TRAIN098328,ungradeable
TRAIN009766,ungradeable
TRAIN051985,ungradeable
TRAIN055421,ungradeable
TRAIN037321,ungradeable
TRAIN096834,ungradeable
TRAIN048566,ungradeable
TRAIN085686,ungradeable
TRAIN098995,ungradeable
TRAIN028289,ungradeable
TRAIN001031,ungradeable
TRAIN098816,ungradeable
TRAIN099863,ungradeable
TRAIN000076,ungradeable
TRAIN036292,ungradeable
TRAIN012558,ungradeable
TRAIN077543,ungradeable
TRAIN048043,ungradeable
TRAIN100839,ungradeable
TRAIN094410,ungradeable
TRAIN032815,ungradeable
TRAIN084193,ungradeable
TRAIN050047,ungradeable
TRAIN045381,ungradeable
TRAIN051569,ungradeable
TRAIN098637,ungradeable
TRAIN067522,ungradeable
TRAIN093620,ungradeable
TRAIN017961,ungradeable
TRAIN077474,ungradeable
TRAIN012102,ungradeable
TRAIN007660,ungradeable
TRAIN079509,ungradeable
TRAIN042926,ungradeable
TRAIN014082,ungradeable
TRAIN064953,ungradeable
TRAIN077497,ungradeable
TRAIN069224,ungradeable
TRAIN085805,ungradeable
TRAIN051758,ungradeable
TRAIN027166,ungradeable
TRAIN084689,ungradeable
TRAIN039282,ungradeable
TRAIN003276,ungradeable
TRAIN003870,ungradeable
TRAIN013211,ungradeable
TRAIN030831,ungradeable
TRAIN064476,ungradeable
TRAIN100433,ungradeable
TRAIN068666,ungradeable
TRAIN077420,ungradeable
TRAIN027199,ungradeable
TRAIN049314,ungradeable
TRAIN054326,ungradeable
TRAIN019759,ungradeable
TRAIN035412,ungradeable
TRAIN012861,ungradeable
TRAIN086547,ungradeable
TRAIN059801,ungradeable
TRAIN053999,ungradeable
TRAIN099819,ungradeable
TRAIN024628,ungradeable
TRAIN071649,ungradeable
TRAIN074068,ungradeable
TRAIN077805,ungradeable
TRAIN046354,ungradeable
TRAIN081701,ungradeable
TRAIN098162,ungradeable
TRAIN069034,ungradeable
TRAIN012435,ungradeable
TRAIN093222,ungradeable
TRAIN035021,ungradeable
TRAIN071124,ungradeable
TRAIN049793,ungradeable
TRAIN097246,ungradeable
TRAIN028657,ungradeable
TRAIN036363,ungradeable
TRAIN073141,ungradeable
TRAIN009848,ungradeable
TRAIN099111,ungradeable
TRAIN053838,ungradeable
TRAIN052596,ungradeable
TRAIN077264,ungradeable
TRAIN037093,ungradeable
TRAIN008551,ungradeable
TRAIN054707,ungradeable
TRAIN004100,ungradeable
TRAIN009221,ungradeable
TRAIN027098,ungradeable
TRAIN055617,ungradeable
TRAIN017550,ungradeable
TRAIN002011,ungradeable
TRAIN084162,ungradeable
TRAIN019319,ungradeable
TRAIN084282,ungradeable
TRAIN072241,ungradeable
TRAIN049358,ungradeable
TRAIN099865,ungradeable
TRAIN045450,ungradeable
TRAIN083683,ungradeable
TRAIN076160,ungradeable
TRAIN057280,ungradeable
TRAIN040490,ungradeable
TRAIN027775,ungradeable
TRAIN072851,ungradeable
TRAIN071326,ungradeable
TRAIN045462,ungradeable
TRAIN084985,ungradeable
TRAIN099799,ungradeable
TRAIN070954,ungradeable
TRAIN079295,ungradeable
TRAIN040997,ungradeable
TRAIN083267,ungradeable
TRAIN097427,ungradeable
TRAIN098120,ungradeable
TRAIN100781,ungradeable
TRAIN067355,ungradeable
TRAIN071025,ungradeable
TRAIN061454,ungradeable
TRAIN030981,ungradeable
TRAIN049244,ungradeable
TRAIN065235,ungradeable
TRAIN057637,ungradeable
TRAIN073738,ungradeable
TRAIN046614,ungradeable
TRAIN053824,ungradeable
TRAIN038897,ungradeable
TRAIN047176,ungradeable
TRAIN005161,ungradeable
TRAIN012419,ungradeable
TRAIN061568,ungradeable
TRAIN042687,ungradeable
TRAIN096908,ungradeable
TRAIN008737,ungradeable
TRAIN088522,ungradeable
TRAIN084891,ungradeable
TRAIN028909,ungradeable
TRAIN081595,ungradeable
TRAIN053015,ungradeable
TRAIN005419,ungradeable
TRAIN029357,ungradeable
TRAIN073453,ungradeable
TRAIN017234,ungradeable
TRAIN001550,ungradeable
TRAIN061416,ungradeable
TRAIN018348,ungradeable
TRAIN024606,ungradeable
TRAIN097677,ungradeable
TRAIN099161,ungradeable
TRAIN072358,ungradeable
TRAIN090130,ungradeable
TRAIN095625,ungradeable
TRAIN099935,ungradeable
TRAIN078646,ungradeable
TRAIN002989,ungradeable
TRAIN030634,ungradeable
TRAIN049893,ungradeable
TRAIN051109,ungradeable
TRAIN082672,ungradeable
TRAIN036676,ungradeable
TRAIN039898,ungradeable
TRAIN073131,ungradeable
TRAIN085832,ungradeable
TRAIN009874,ungradeable
TRAIN030180,ungradeable
TRAIN034979,ungradeable
TRAIN031410,ungradeable
TRAIN080849,ungradeable
TRAIN060932,ungradeable
TRAIN062629,ungradeable
TRAIN091942,ungradeable
TRAIN002718,ungradeable
TRAIN006702,ungradeable
TRAIN053038,ungradeable
